اسافين 6 ملي بلاستيك عدد 2000 (50 باكيت *40 حبة ),13,4.5
اسافين 6 ملي بلاستيك  (تعبئة  1000),13,1.8
اسافين 6 ملي بلاستيك  (شوال ),6,2.65
براغي ابيض ( شيبورد ) 3.5 * 16 ناعم ( تعبئة 1000 ),13,1.79
اسافين 8 ملي بلاستيك  (تعبئة  200),13,0.75
اسافين 10 ملي بلاستيك  (تعبئة  100),13,0.89
براغي 5*35 ملي مع اسافين 6 ملي عدد 50 ( تعبئة 50 باكيت ),17,16
براغي 5*35 ملي مع اسافين 6 ملي عدد 50,13,0.4
براغي 4*35 ملي مع اسافين 6 ملي عدد 50 ( تعبئة 50 باكيت ),17,14.9
اسافين جبسنبورد (تعبئة 100),13,3.5
برغي مع  سمونة  1.5 سم (تعبئة 100),13,1.4
برغي مع  سمونة 7  سم,6,1.65
برغي مع  سمونة 8   سم,6,1.65
براغي اسود ( شيبورد ) 3.5 * 16,6,1.79
براغي اسود ( شيبورد ) 3.5 * 18,6,1.79
براغي اسود ( شيبورد ) 3.5 * 20,6,1.79
براغي اسود ( شيبورد ) 3.5 * 25,6,1.79
براغي اسود ( شيبورد ) 3.5 * 30,6,1.79
براغي اسود ( شيبورد ) 3.5 * 35,6,1.79
براغي اسود ( شيبورد ) 3.5 * 40,6,1.79
براغي اسود ( شيبورد ) 3.5 * 50,6,1.79
براغي اسود ( شيبورد ) 3.5 * 60,6,1.79
براغي اسود ( شيبورد ) 3.5 * 70,6,1.79
براغي اسود جبسنبورد ناعم 4.2*35,6,1.79
براغي اسود 4.2*35 خشن ( التعبئة 500 ),13,3.75
"براغي اسود جيبسنبورد ناعم 1"" تايواني ( تعبئة 1000 )",13,3.95
براغي اسود جيبسنبورد ناعم 3.5*25 صيني,6,1.79
براغي اسود جيبسنبورد ناعم 3.5*50 صيني,6,1.79
براغي شيبورد 3.5* 50 ناعم ( بوكس كهرباء ),6,1.79
براغي شيبورد 4 * 16,6,1.79
براغي شيبورد 4 * 18,6,1.79
براغي شيبورد 4 * 20,6,1.79
براغي شيبورد 4 * 25,6,1.79
براغي شيبورد 4 * 30,6,1.79
براغي شيبورد 4 * 35,6,1.79
براغي شيبورد 4 * 40,6,1.79
براغي شيبورد 4 * 50,6,1.79
براغي شيبورد 4 * 60,6,1.79
براغي شيبورد 3.5 * 16 خشن,6,1.79
براغي شيبورد 3.5 * 18 خشن,6,1.79
براغي شيبورد 3.5 * 20 خشن,6,1.79
براغي شيبورد 3.5 * 25 خشن,6,1.79
براغي شيبورد 3.5 * 30 خشن,6,1.79
براغي شيبورد 3.5 * 35 خشن,6,1.79
براغي شيبورد 3.5 * 40 خشن,6,1.79
براغي شيبورد 3.5 * 50 خشن,6,1.79
براغي شيبورد 4.2 * 60 خشن,6,1.79
براغي شيبورد 4 * 70,6,1.79
براغي شيبورد 4.5 * 25 ( تعبئة 500 ),13,1.79
براغي شيبورد 5 * 18,6,1.79
براغي شيبورد 5 * 20,6,1.79
براغي شيبورد 5 * 25,6,1.79
براغي شيبورد 5 * 30,6,1.79
براغي شيبورد 5 * 35,6,1.79
براغي شيبورد 5 * 40,6,1.79
براغي شيبورد 5 * 50,6,1.79
براغي شيبورد 5 * 60,6,1.79
براغي شيبورد 5 * 70,6,1.79
براغي شيبورد 5 * 80,6,1.79
براغي شيبورد 5 * 100,6,1.79
"براغي سلف درل فلات   1/2"" تايواني (تعبئة 1000 )",13,4.9
"براغي سلف درل فلات 5/8"" تايواني (تعبئة 1000)",13,5.15
"براغي سلف درل فلات 3/4"" تايواني (تعبئة 1000 )",13,5.9
"براغي سلف درل فلات 1"" تايواني (تعبئة 1000 )",13,6.75
"براغي سلف درل فلات  1.25"" تايواني (تعبئة 1000 )",13,8.25
"براغي سلف درل فلات  3"" تايواني (تعبئة 500 )",13,5
"براغي سلف درل   1/2"" تايواني (تعبئة 1000 )",13,5.15
"براغي سلف درل 5/8"" تايواني (تعبئة 1000)",13,5.9
"براغي سلف درل 3/4"" تايواني (تعبئة 1000 )",13,6.4
"براغي سلف درل 1"" تايواني (تعبئة 1000 )",13,7.25
"براغي سلف درل  1.25"" تايواني (تعبئة 1000 )",13,8.25
"براغي سلف درل 1.5"" تايواني (تعبئة 1000 )",13,9.25
"براغي سلف درل 2"" تايواني (تعبئة 1000)",13,11.25
"براغي سلف درل 2.1/2"" تايواني (تعبئة 500)",13,7.65
"براغي سلف درل 3"" تايواني (تعبئة 250)",13,5.3
"براغي سلف درل  2/1"" - 12 ملي صيني (تعبئة 1000)",13,4.25
"براغي سلف درل   5/8"" - 16 ملي صيني (تعبئة 1000)",13,4.75
"براغي سلف درل  3/4"" - 19 ملي صيني (تعبئة 1 كغ )",13,2.3
"براغي سلف درل   1 "" - 25 ملي  صيني ( تعبئة 1 كغ )",13,2.3
"براغي سلف درل   1.5 "" - 38 ملي صيني (تعبئة 1 كغ )",13,2.3
"براغي سلف درل 1.25"" - 32 ملي صيني (تعبئة 500)",13,3.5
"براغي سلف درل  2 "" - 51 ملي صيني (تعبئة 1 كغ )",13,2.3
براغي اسود ( شيبورد ) 4.2 * 60,6,1.79
براغي اسود ( شيبورد ) 4.2 * 70,6,1.79
براغي اسمنت بورد 3.5 * 25 ملي ( تعبئة 500 ),13,2.75
"براغي هنجر 1"" تايواني ( التعبئة 500 )",13,11.4
"براغي هنجر 1.5"" تايواني ( التعبئة 400 )",13,11.75
"براغي هنجر 2"" تايواني ( التعبئة 400 )",13,14
"براغي هنجر 2.5"" تايواني ( التعبئة 250 )",13,10.75
"براغي هنجر 3"" تايواني ( التعبئة 200 )",13,9.4
"براغي هنجر 4"" تايواني ( التعبئة 200 )",13,15.05
"براغي هنجر 6"" تايواني ( التعبئة 100 )",13,17.2
"براغي هنجر 1"" صيني (تعبئة 250)",13,4.25
"براغي هنجر 1"" صيني (تعبئة 500)",13,8.25
"براغي هنجر 1.5"" صيني (تعبئة 300)",13,7.25
"براغي هنجر 2 "" صيني (تعبئة 250)",13,8.25
رول بلاك نحاس 6*50 ملي ( تعبئة 150 ),13,10.7
رول بلاك مجلفن 8*80  ملي ( تعبئة 50 ),13,6.3
رول بلاك مجلفن 10*80  ملي (تعبئة 30 ),13,5.65
رول بلاك مجلفن 12*100 ملي (تعبئة 15 ),13,4.85
رول بلاك 6 ملي عادي (تعبئة 100 ),13,7.15
رول بلاك 8 ملي عادي (تعبئة 50 ),13,6.45
رول بلاك 10 ملي عادي (تعبئة 30 ),13,6.1
رول بلاك 12 ملي عادي (تعبئة 15 ),13,5.95
رول بلاك 6 ملي شنكل (تعبئة 60),13,6.2
رول بلاك 8 ملي  شنكل (تعبئة 30),13,4.65
رول بلاك 10 ملي شنكل (تعبئة 20),13,5.45
رول بلاك 12 ملي  شنكل (تعبئة 10),13,4.65
رول بلاك حلقة كاملة 6 ملي ( تعبئة 60 ),13,5.85
رول بلاك حلقة كاملة 8 ملي ( تعبئة 30 ),13,4.9
رول بلاك حلقة كاملة 10 ملي ( تعبئة 20 ),13,5.6
براغي مشكلة,6,0
براغي أبيض مجلفن تعبئة 500,13,4.75
براغي سخان ماء   قطر 9 ملي طول 8.5 سم  صيني,13,0.25
براغي مغسلة قطر 10 ملي  طول 8.5 سم  صيني,13,0.25
براغي مرحاض  قطر 6 ملي  طول 8.5  سم  صيني,13,0.25
براغي مغسلة قطر 10 ملي  طول 12 سم هندي,16,0.35
براغي سخان ماء قطر 10 ملي  طول 9 سم هندي,16,0.35
براغي مرحاض قطر 6 ملي  طول 9 سم هندي,16,0.35
طقم ذكر تسنين براغي عكسي ( تعبئة 5 ),19,1.75
طقم مبرد 18 سم HARDEN ( تعبئة 5),13,1.95
مسمار فولاذ مجلفن 3 سم * 3 ملي صيني,13,0.32
مسمار فولاذ مجلفن 6 سم * 3.2 ملي صيني( التعبئة 100 باكيت ),17,35.9
مسمار فولاذ مجلفن 8 سم * 4 ملي صيني ( التعبئة 50 باكيت ),17,35.9
مسمار فولاذ مجلفن 10 سم * 4.2 ملي صيني ( تعبئة 50 باكيت ),17,49.5
مسمار هواء F15 ( تعبئة 5000 ),13,0.85
مسمار هواء F20 ( تعبئة 5000 ),13,1.1
مسمار هواء F25 ( تعبئة 5000 ),13,1.35
مسمار هواء F30 ( تعبئة 5000 ),13,1.65
مسمار هواء F40 ( تعبئة 5000 ),13,2.25
مسمار هواء F50 ( تعبئة 5000 ),13,2.75
مسمار فولاذ حرف L ( 3سم ),6,1.5
مسمار فولاذ حرف L ( 4سم ),6,1.5
مسمار فولاذ حرف L ( 5سم ),6,1.5
مسمار فولاذ حرف L ( 6سم ),6,1.5
مسمار بناء 8 سم سعودي ( الوزن 2 كغ ),13,2.222
طلق و شرشور جبسنبورد ( التعبئة 100 + 100 ),13,5.5
فرد طلق وشرشور,16,182
"براغي ديكسون 3/4 ""   ( تعبئة 144 )",13,2.25
"براغي ديكسون 1 ""   ( تعبئة 144 )",13,2.5
"براغي ديكسون 1.5 ""   ( تعبئة 144 )",13,2.75
"براغي ديكسون 2 ""   ( تعبئة 144 )",13,3.25
"براغي ديكسون 2.5 ""   ( تعبئة 144 )",13,3.75
"براغي ديكسون 3 ""   ( تعبئة 144 )",13,4.25
"براغي ديكسون 4 ""   ( تعبئة 144 )",13,4.95
غراء خشب ابيض 100 غم SK تركي,16,0.6
غراء خشب ابيض 350 غم SK تركي,16,1.25
غراء خشب ابيض 700 غم SK تركي,16,1.95
اجو 2.5 كيلو غرام SK جودة عالية صيني,16,6.5
اجو 200 غرام دنلوب,16,0.75
اجو 40 غرام CONTACT,16,0.5
اجو 200 غرام CONTACT,16,1
اجو 600 غرام CONTACT,16,2.25
اجو 2.5 كيلو غرام دنلوب,16,7.25
معجونة فراغات 360 غرام تركي,16,1.6
غراء متعدد الاستخدام 250 غم اسباني,16,1.25
غراء متعدد الاستخدام 500 غم اسباني,16,1.55
غراء متعدد الاستخدام 750 غم اسباني,16,1.9
لاصق فئران 100 غم ( تعبئة 25 ),13,13.75
مصيدة فئران,21,4.8
لاصق مواسير PVC (160) غرام دنلوب,16,1.05
لاصق مواسير PVC (250) غرام دنلوب,16,1.5
لاصق مواسير PVC (500) غرام دنلوب,16,2.75
لاصق مواسير PVC كيلو غرام دنلوب,16,4.5
ستوك لاصق رخام 250 غرام (صافي) مع منشف صيني,16,0.99
ستوك لاصق رخام 750 غرام (صافي) مع منشف صيني,16,1.85
ستوك لاصق رخام 3 كيلو غرام (صافي) مع منشف صيني,16,4.65
ستوك لاصق رخام 20 كيلو غرام (صافي) مع منشف صيني,16,27.9
ستوك لاصق رخام 200 غرام مع منشف SLEM ايطالي,16,1.24
ستوك لاصق رخام كيلو غرام مع منشف SLEM ايطالي,16,2.61
ستوك لاصق رخام 2.7  كيلو غرام مع منشف SLEM ايطالي,16,4.9
تب المنيوم 10 م HIGHPOWER,16,0.55
تب المنيوم 20 م HIGHPOWER,16,1.1
تب  كورنر 25 يارد HIGHPOWER,16,3.15
تب كورنر 25 يارد HIGHPOWER PVC,16,2.25
رقعة منخل 2 م HIGHPOWER,16,0.95
سلك تربيط 1 ملي ( 12 كغ ),10,
سلك تربيط 2.2 ملي ( 50 كغ ),23,53.9
سلك تربيط 1 ملي ( 15 كغ ),10,14.85
تب دبل فيس أسود 1.2 سم HIGHPOWER,16,0.31
تب دبل فيس أسود 1.5 سم HIGHPOWER,16,0.37
تب مقاوم للمياه جودة عالية 5 سم * 5 م HIGHPOWER,16,1.4
تب مقاوم للمياه جودة عالية 10 سم * 5 م HIGHPOWER,16,2.4
تب مقاوم للمياه جودة عالية 30 سم * 5 م HIGHPOWER,16,6.95
تب مانع تسرب 2.2 سم * 3.2 م HIGHPOWER,16,2.5
تب مانع تسرب 3.8 سم * 3.2 م HIGHPOWER,16,2.9
تب دبل فيس أسود 2 سم HIGHPOWER,16,0.47
تب دبل فيس أسود 2.5  سم HIGHPOWER,16,0.53
تب دبل فيس أسود 3 سم HIGHPOWER,16,0.59
تب دبل فيس أسود 5 سم HIGHPOWER,16,0.89
تب دبل فيس أسود 4 سم HIGHPOWER,16,0.72
تب كهرباء  لون أسود highpower (تعبئة 10),13,1.6
تب كهرباء  لون أحمر highpower (تعبئة 10),13,1.6
تب كهرباء  لون أصفر highpower (تعبئة 10),13,1.6
تب كهرباء  لون أزرق highpower (تعبئة 10),13,1.6
تب كهرباء  لون أبيض highpower (تعبئة 10),13,1.6
تب كهرباء  لون أخضر highpower (تعبئة 10),13,1.6
تب كهرباء  لون سكني highpower (تعبئة 10),13,1.6
تب كهرباء  لون بني highpower (تعبئة 10),13,1.6
تب دبل فيس شفاف 2 سم طول 10 م,16,0.67
تب دبل فيس شفاف 2.4 سم طول 10 م,16,0.77
تب دبل فيس شفاف 4 سم طول 10 م,16,1.37
تب دبل فيس شفاف 2 سم طول 25 م,16,1.3
تب دبل فيس شفاف 2.4 سم طول 25 م,16,1.5
تب دبل فيس شفاف 4 سم طول 25 م,16,2.75
تب شقوق جبسنبورد 10 م,16,0.4
تب شقوق جبسنبورد 45 م,16,0.8
تب شقوق جبسنبورد 90 م,16,1.35
تب عاكس تحذيري 50 م,16,7.5
شريط تحذيري 5 سم -  200 يارد,16,1.2
شريط تحذيري 5 سم -  100 م HIGHPOWER ( تعبئة 6 ),13,4.6
تب عزل سكني 14 يارد HIGHPOWER,16,0.45
تب كهرباء  لون أحمر VINI (تعبئة 10),13,1.6
تب كهرباء  لون أسود VINI (تعبئة 10),13,1.6
تب كهرباء  لون أبيض VINI (تعبئة 10),13,1.6
تب كهرباء  لون أزرق VINI (تعبئة 10),13,1.6
تب كهرباء  لون أصفر VINI (تعبئة 10),13,1.6
تب كهرباء  لون أخضر VINI (تعبئة 10),13,1.6
تب مانع انزلاق 5 م لون اسود HIGHPOWER,16,1.45
تب مانع انزلاق 10 م لون اسود HIGHPOWER,16,2.9
تب مانع انزلاق 5 م مضيء  HIGHPOWER,16,3.9
تب مكيف  12 م أسود HIGHPOWER,16,0.6
تب مكيف  12 م أبيض HIGHPOWER,16,0.6
تب مكيف  12 م سكني HIGHPOWER,16,0.6
رقعة تنك 10 سم * 1.5 م HIGHPOWER,16,1.5
رقعة تنك 10 سم * 1.5 م -  جودة عالية HIGHPOWER,16,2
رقعة تنك 20 سم * 1.5 م HIGHPOWER,16,2.9
رقعة تنك 20 سم * 1.5 م جودة عالية HIGHPOWER,16,3.9
ماء زجاج  5 لتر اسباني,16,8.25
ماء زجاج  25 لتر اسباني,16,29.9
سوبر جلو 25 غم مع منشف 100 مل تركي,16,0.75
سوبر جلو 100 غم مع منشف 400 مل تركي,16,2.25
سوبر جلو قطرة  25 غرام تركي,21,6.25
سوبر جلو 50 غم مع منشف 200 مل تركي,16,1.18
سوبر جلو 3 غرام ماليزي ( كرت ),21,2
سوبر جلو 3 غرام ماليزي ( كرت مفرد ),21,2.25
سوبر جلو 40 غرام  مع منشف 200 مل SK تركي ( تعبئة 24 ),17,20.9
معجونة فواصل 600 مل اسباني,16,5.5
سيليكون شفاف 40 مل اصبع تركي,16,0.5
سيليكون حراري تايواني,6,4.25
سيليكون حراري للكاسكيت لون أحمردنلوب ( تعبئة 16),17,14.9
سيليكون حراري للكاسكيت لون أسود دنلوب ( تعبئة 16),17,14.9
سيليكون حراري للكاسكيت 80 مل لون أحمر  تركي,16,0.99
سيليكون حراري للكاسكيت 80 مل لون أسود تركي,16,0.99
سيليكون شفاف 280 غم اسباني ( تعبئة 24 ),17,36.9
معجونة أبيض 450 غم SK تركي ( تعبئة 24 ),17,13.5
معجونة شامبين 450 غم SK تركي ( تعبئة 24 ),17,13.9
معجونة بني غامق 450 غم SK تركي ( تعبئة 24 ),17,13.9
معجونة اسود 450 غم SK تركي (تعبئة 24),17,13.9
معجونة بيج 450 غم SK تركي (تعبئة 24),17,13.9
سيليكون ابيض 280 غم SK تركي ( تعبئة 24 ),17,29.9
سيليكون اسود 280 غم SK تركي ( تعبئة 24 ),17,29.9
سيليكون سكني 280 غم SK تركي ( تعبئة 24 ),17,29.9
سيليكون شفاف 280 غم SK تركي ( تعبئة 24 ),17,29.9
سيليكون شفاف 310 غم الماني ( تعبئة 24 ),17,39.9
سيليكون ابيض 310 غم الماني,21,20.9
سيليكون سكني 310 غم الماني,21,20.9
سيليكون اسود 310 غم الماني,21,20.9
عازل هواء رابر حرف  E,16,0.95
عازل هواء رابر حرف D,16,0.95
عازل هواء فوم - 5 م,16,0.38
فوم 300 مل الماني,21,21.9
فوم 750 مل الماني,21,28.75
فوم 300 مل تركي,21,15.9
فوم 750 مل تركي ( تعبئة 16 ),17,31.2
عازل هواء فوم - 5.5 م,16,0.45
معجونة بني فاتح 450 غم SK تركي (تعبئة 24),17,13.9
معجونة سكني 450 غم SK تركي (تعبئة 24),17,13.9
لاصق شفاف 60 يارد (تعبئة 72),17,24.9
لاصق شفاف 300 يارد,16,1.9
معجونة كابتشينو 450 غم SK تركي (تعبئة 24),17,13.9
لاصق ورق 1 انش (تعبئة 36) SK,17,4.9
لاصق ورق 2 انش (تعبئة 24) SK,17,5.9
لاصق ورق 1 انش (تعبئة 36) pro-tec,17,9
لاصق ورق 2 انش (تعبئة 24) pro-tec,17,11
معجونة سيارات 2500 غم مع منشف,16,3.85
معجونة سيارات كيلو غرام مع منشف SLEM ايطالي,16,2.28
معجونة ابيض 540 غم الماني,21,12.6
معجونة ابيض SIBAX تركي ( تعبئة 24 ),17,14.15
معجونة أسود SIBAX تركي  (تعبئة 24),17,14.15
معجونة بني SIBAX تركي (تعبئة 24),17,14.15
معجونة شوكولاتة تركي(تعبئة24),17,14.9
معجونة شامبين SIBAX تركي  (تعبئة 24),17,14.15
معجونة بيج sibax  تركي  (تعبئة 24),17,14.15
لاصق متعدد الاستخدامات 280 مل ابيض تركي,16,3.5
لاصق متعدد الاستخدامات 280 مل سكني تركي,16,3.5
لاصق بورسلان 75 غم ماليزي,16,0.59
لاصق خشب 75 غم ماليزي,16,0.59
لاصق زجاج 32 غم ماليزي,16,0.39
خلط اصبعين 56.8 غم ماليزي,21,9.6
تفلون مواسير SK جودة عالية 15 م(تعبئة 10),13,1.05
فرد سيليكون 40 واط تايواني,16,3.75
فرد سيليكون 60 واط تايواني,16,4.25
فرد سيليكون 80 واط مع ضوء  تايواني,16,4.75
فرد سيليكون 100 واط مع كبسة وضوء تايواني,16,5.75
تفلون مواسير 10 م HIGHPOWER ( تعبئة 10 ),13,0.9
 فرد سيليكون صيني,16,2.25
 فرد معجونة صيني,16,0.95
 فرد معجونة تايواني,16,2.35
 فرد معجونة بلاستيك تركي,16,0.9
خيط قنب ( تعبئة 10 ),13,3.9
حبل ستوك بالكيلو,6,4
 حبل 2 ملي 100م مواد اماراتي,23,0.48
 حبل 6 ملي 50 م مواد اماراتي,6,2.1
 حبل 8 ملي 50 م مواد اماراتي,6,2.1
 حبل 10 ملي 50 م مواد اماراتي,6,2.1
 حبل 12 ملي 50 م مواد اماراتي,6,2.1
 حبل 14 ملي 50 م مواد اماراتي,6,2.1
 حبل 16 ملي 50 م مواد اماراتي,6,2.1
 حبل 18 ملي 50 م مواد اماراتي,6,2.1
 حبل 4 ملي 25م اردني,23,0.55
 حبل 6 ملي 50 م اردني,6,1.65
 حبل 8 ملي 50 م اردني,6,1.65
 حبل 10 ملي 50 م اردني,6,1.65
 حبل 12 ملي 50 م اردني,6,1.65
 حبل 14 ملي 50 م اردني,6,1.65
 حبل 16 ملي 50 م اردني,6,1.65
 حبل 18 ملي 50 م اردني,6,1.65
حبل 4 ملي بالكيلوغرام اردني,6,2.1
شبر اباجور 5.5 م,23,0.7
شبر اباجور 7.5 م,23,0.85
 حبل نخب تاني,6,1.4
 شبر اباجور 40 م,23,4
 شبر شوادر 1.8 سم,6,1.75
 شبر شوادر 3 سم,6,1.5
 شبر شوادر 4.4 سم,6,1.5
 شبر شوادر 10 سم,6,1.5
 حبل جوت  6 ملي هندي,6,1.85
 حبل جوت  8 ملي هندي,6,1.85
 حبل جوت  10 ملي هندي,6,1.85
 حبل جوت  12 ملي هندي,6,1.59
 حبل جوت  14 ملي هندي,6,1.59
 حبل جوت  16 ملي هندي,6,1.59
 حبل جوت  18 ملي هندي,6,1.59
 حبل جوت  20 ملي هندي,6,1.59
 حبل جوت  22 ملي هندي,6,1.59
 حبل جوت  24 ملي هندي,6,1.59
 حبل ليف  22 ملي  هندي,6,2.3
 حبل ليف  24 ملي  هندي,6,2.3
حبل جوت ايطالي,6,1.75
حبل جوت 36 ملي ايطالي,6,1.75
حبل جوت 50 ملي ايطالي,6,1.75
حبل مانيلا 18 ملي ايطالي,6,1.75
حبل مانيلا 20 ملي ايطالي,6,1.75
حبل مانيلا 22 ملي ايطالي,6,1.75
حبل مانيلا 24 ملي ايطالي,6,1.75
حبل مانيلا 26 ملي ايطالي,6,1.75
 حبل رافيا ( تعبئة 15 رول),13,6.75
حبل غسيل 10 م,16,0.35
حبل غسيل 20 م,16,0.55
 خيط بناء سماكة 0.85 ملي  ابيض  (تعبئة 10),13,2.85
 خيط بناء سماكة 0.85 ملي ازرق   (تعبئة 10),13,2.85
 خيط بناء سماكة 0.85 ملي احمر   (تعبئة 10),13,2.85
 مشد تربيط عرض 2.5 سم طول 5 م قوة الشد 800 كغ,16,1.8
 مشد تربيط عرض 2.5 سم طول 10 م قوة الشد 800 كغ,16,2.16
 مشد تربيط عرض 3.8 سم طول 5 م قوة الشد 2 طن,16,3
 مشد تربيط عرض 3.8 سم طول 10 م قوة الشد 2 طن,16,3.85
 مشد تربيط عرض 5 سم طول 5 م قوة الشد 3.4 طن,16,4.65
 مشد تربيط عرض 5 سم طول 10 م قوة الشد 3.4 طن,16,5.4
 مشد تربيط عرض 5 سم طول 5 م قوة الشد 5 طن,16,6.45
 مشد تربيط عرض 5 سم طول 10 م قوة الشد 5 طن,16,6.9
حبل فولاذ 6 ملي - 100 م,23,19.5
حبل فولاذ 8 ملي - 100 م,23,29.5
حبل فولاذ 10 ملي - 100 م,23,49.5
 سلم حديد مجلفن 3 درجات SK أردني,16,8.4
 سلم حديد مجلفن 4 درجات SK أردني,16,11.2
 سلم حديد مجلفن 5 درجات SK أردني,16,14
 سلم حديد مجلفن 6 درجات SK أردني,16,16.8
 سلم حديد مجلفن 7 درجات SK أردني,16,19.6
 سلم حديد مجلفن 8 درجات SK أردني,16,22.4
 سلم حديد مجلفن 9 درجات SK أردني,16,25.2
 سلم المنيوم 3 درجات تركي,16,19.5
 سلم المنيوم 4 درجات تركي,16,23.75
 سلم المنيوم 5 درجات تركي,16,28.5
 سلم المنيوم 6 درجات تركي,16,33
 سلم المنيوم 7 درجات تركي,16,38.5
سلم المنيوم صناعي 7 درجات  صيني,16,18.5
سلم المنيوم صناعي 9 درجات  صيني,16,22.5
سلم المنيوم صناعي 11 درجة  صيني,16,27.5
سلم المنيوم صناعي 13 درجة  صيني,16,33.5
 سلم حديد 3 درجات تركي,16,10.35
 سلم حديد 4 درجات تركي,16,12.85
 سلم حديد 5 درجات تركي,16,15.45
 سلم حديد 6 درجات تركي,16,18.35
 سلم حديد 7 درجات تركي,16,20.85
 سلم حديد 8 درجات تركي,16,24.15
 سلم حديد مجلفن مزدوج 3 درجات  SK أردني,16,12.45
 سلم حديد مجلفن مزدوج 4 درجات  SK أردني,16,16.6
 سلم حديد مجلفن مزدوج 5 درجات  SK أردني,16,20.75
 سلم حديد مجلفن مزدوج 6 درجات  SK أردني,16,24.9
 سلم حديد مجلفن مزدوج 7 درجات  SK أردني,16,29.05
 سلم حديد مجلفن مزدوج 8 درجات  SK أردني,16,33.2
 سلم خشب 3  درجات خليلي,16,13.09
 سلم خشب 4 درجات خليلي,16,17.44
 سلم خشب 5 درجات خليلي,16,21.8
 سلم خشب 6 درجات خليلي,16,26.16
 سلم خشب 7 درجات خليلي,16,30.52
 سلم خشب 8 درجات خليلي,16,34.88
 سلم خشب 9 درجات خليلي,16,39.24
 سلم خشب 10 درجات خليلي,16,43.6
 سلم منزلي  2 درجة بلاستيك تركي,16,11.25
 سلم منزلي  3 درجة بلاستيك تركي,16,13.95
 سلم منزلي 2 درجة حديد تركي,16,11.25
 سلم منزلي 3 درجة حديد تركي,16,13.95
 سلم المنيوم 3 درجات صيني,16,17.5
 سلم المنيوم 4 درجات صيني,16,19.5
 سلم المنيوم 5 درجات صيني,16,21.5
 سلم المنيوم 6 درجات صيني,16,23.5
 سلم المنيوم 7 درجات صيني,16,25.5
 سلم المنيوم 8 درجات صيني,16,27.5
 سلم المنيوم 9 درجات صيني,16,29.5
 سلم المنيوم 3 درجات - درجة عريضة 13 سم صيني,16,19.5
 سلم المنيوم 4 درجات - درجة عريضة 13 سم صيني,16,22.5
 سلم المنيوم 5 درجات - درجة عريضة 13 سم صيني,16,24.5
 سلم المنيوم 6 درجات - درجة عريضة 13 سم صيني,16,26.5
سلم حديد 2 درجة - درجة عريضة 23 سم  صيني,16,14.01
سلم حديد 3 درجات - درجة عريضة 23 سم  صيني,16,15.91
سلم حديد 4 درجات - درجة عريضة 23 سم صيني,16,18.76
سلم حديد 5 درجات - درجة عريضة 23 سم صيني,16,22.56
مجموعة طقم الن كي مشرنف 27 قطعة مقاس ( صغير + وسط + كبير ),19,3.9
"مانجيت سيفون 1.25"" تركي",16,0.1
"مانجيت سيفون 1.5"" تركي",16,0.1
"صباب بلاستك 1.25"" مع غطاء ستانلس ستيل تركي",16,1.5
يد شطاف بلاستيك إيطالي,16,0.95
طقم شطاف بلاستيك  تركي ( 1510-2 ),19,2.65
يد شطاف بلاستيك تركي,16,0.9
طقم شطاف بلاستيك تركي ( 1510L / 1310L ),19,2
طقم شطاف كروم  تركي,19,3.75
غطاء مرحاض تركي,16,2.75
غطاء مرحاض نخب  تركي,16,4.25
خزان نياجرا مخفي تركي,16,59
عدة نياجرا برتغالي,16,5.25
حنفية ستيم إيطالي,16,2.45
حنفية ستيم ( نحاس + زنك ) صيني,16,1.4
حنفية ستيم بلاستيك (نحاس) صيني,16,0.65
حنفية بلاستيك رقبة طويلة POLO صيني,16,0.55
حنفية بلاستيك رقبة قصيرة POLO صيني,16,0.5
حنفية بلاستيك رقبة قصيرة صيني,16,0.5
محبس زاوية مجوز ايطالي,16,2.9
خضاضة حمام تايواني,21,7.9
زمبرك مجاري 5 م,16,2.25
"سيفون مزدوج مع صباب 1.5"" تركي",16,2.5
"سيفون حلزوني 1.5""  تركي",16,0.6
"سيفون حلزوني 1.25""  تركي",16,0.55
"سيفون حلزوني 1.5""  مع صباب تركي",16,0.85
"سيفون حلزوني  1.25"" مع صباب تركي",16,0.8
"سيفون حلزوني 1.25 "" انجليزي",16,0.95
سيفون حلزوني مع صباب 1.5 انش صيني,16,0.45
عبوة صابون سائل 500 مل,16,3.9
عبوة صابون سائل 800 مل,16,5.25
كف دش حبيبات مع بربيش,16,2.3
كف دش عادي مع بربيش,16,2.2
كف دش حبيبات ( دون بربيش ),16,1.15
كف دش 5 حركات,16,1.85
بربيش  كروم  1.2 م,16,1.45
بربيش  كروم  1.5 م,16,1.65
قصبة بطارية مجلى,16,1.5
طقم يونيكا صيني,16,5.75
عوامة تركي,16,3.75
نبل 1 سم إيطالي,16,0.5
نبل 1.5 سم إيطالي,16,0.6
نبل 2 سم إيطالي,16,0.75
نبل 2.5 سم إيطالي,16,0.85
نبل 3 سم إيطالي,16,0.95
نبل مزدوج إيطالي,16,0.38
"نبل كروم  1/2"" 1 سم - وزن 32 غم هندي (تعبئة 5 حبة)",13,1.28
"نبل كروم 1/2"" 1.5 سم - وزن 40 غم هندي (تعبئة 5 حبة)",13,1.7
"نبل كروم 1/2"" 2 سم  - وزن 47 غم هندي (تعبئة 5 حبة)",13,2.04
"نبل كروم 1/2"" 2.5 سم - وزن 55 غم هندي (تعبئة 5 حبة)",13,2.38
"نبل كروم 1/2"" 3 سم - وزن 70 غم  هندي (تعبئة 5 حبة)",13,2.8
"نبل مزدوج 1/2"" - وزن 35 غم هندي (تعبئة 5)",13,1.45
"نبل منقص كروم 3/4"" * 1/2"" - وزن 47 غم هندي (تعبئة 5)",13,2.25
"نبل منقص كروم 1/2"" * 3/8"" - وزن 32 غم هندي (تعبئة 5)",13,1.55
"نقاصة بطارية جرس كروم 3/4"" * 1/2"" - وزن 44 غم هندي (تعبئة 5)",13,1.9
"نقاصة كروم 3/4"" * 1/2"" - وزن 36 غم هندي ( تعبئة 5)",13,1.75
"نقاصة كروم 1/2"" * 2/8"" - وزن 21 غم هندي ( تعبئة 5)",13,1.1
"كوع كروم 1/2"" - وزن 61 غم هندي (تعبئة 5)",13,3.19
"تي كروم 1/2"" - وزن 71 غم هندي (تعبئة 5)",13,3.4
"مفة كروم 1/2"" - وزن 37 غم هندي (تعبئة 5)",13,1.49
"عزقة كروم 1/2"" * 3/8"" - وزن 46 غم هندي (تعبئة 5)",13,2.13
مصرف بلاستيك 15*15 سم لون ابيض ( تعبئة 24 ),13,8.4
مصرف بلاستيك 20*20 سم لون ابيض ( تعبئة 10 ),13,4
مصرف ستانلس ستيل ثقيل قياس 15*15 موديل B هندي,16,2.8
مصرف ستانلس ستيل ثقيل قياس 15*15 موديل C هندي,16,2.8
فلتر ماء 6 مراحل,16,69
طقم حشوة فلتر (3 مراحل),19,1.8
حشوة فلتر membranes أزرق,16,4.95
حشوة فلتر سيراميك أصفر,16,1.2
حشوة فلتر كربون أبيض,16,1.2
بربيش فلتر ماء 50 م,16,2.9
نبل فلتر ماء,16,0.6
محبس فلتر ماء,16,0.55
وصلة T فلتر ماء,16,0.25
وصلة فلتر ماء,16,0.2
محول فلتر ماء,16,5.5
مضخة فلتر ماء,16,12.9
"مربط مواسير 1/2""",16,0.22
"مربط مواسير 3/4""",16,0.24
"مربط مواسير 1""",16,0.26
"مربط مواسير 1.25""",16,0.27
"مربط مواسير 1.5""",16,0.28
"مربط مواسير 2""",16,0.29
"مربط مواسير 3""",16,0.37
"مربط مواسير 4""",16,0.4
 غطاء منهل ثقيل 30 * 30  سم اسود,16,2.35
 غطاء منهل ثقيل 30 * 30  سم بني,16,2.35
 غطاء منهل ثقيل 30 * 30  سم سكني,16,2.35
 غطاء منهل ثقيل 30 * 30 سم ابيض,16,2.35
 غطاء منهل ثقيل 30 * 30 سم بيج,16,2.35
 غطاء منهل ثقيل 30 * 30 سم كرميدي,16,2.35
 غطاء منهل ثقيل 40 * 40 سم ابيض,16,4.25
 غطاء منهل ثقيل 40 * 40 سم اسود,16,4.25
 غطاء منهل ثقيل 40 * 40 سم بني,16,4.25
 غطاء منهل ثقيل 40 * 40 سم بيج,16,4.25
 غطاء منهل ثقيل 40 * 40 سم كرميدي,16,4.25
 غطاء منهل ثقيل 40 *40 سم سكني,16,4.25
 غطاء منهل ثقيل 50 * 50 سم اسود,16,6.7
 غطاء منهل ثقيل 50 * 50 سم بني,16,6.7
 غطاء منهل ثقيل 50 * 50 سم بيج,16,6.7
 غطاء منهل ثقيل 50 * 50 سم سكني,16,6.7
 غطاء منهل ثقيل 50 * 50 سم كرميدي,16,6.7
 غطاء منهل ثقيل 50 *50 سم ابيض,16,6.7
 غطاء منهل ثقيل 60 * 60 سم ابيض,16,7.7
 غطاء منهل ثقيل 60 * 60 سم اسود,16,7.7
 غطاء منهل ثقيل 60 * 60 سم بني,16,7.7
 غطاء منهل ثقيل 60 * 60 سم بيج,16,7.7
 غطاء منهل ثقيل 60 * 60 سم سكني,16,7.7
 غطاء منهل ثقيل 60 * 60 سم كرميدي,16,7.7
 غطاء منهل ثقيل 70 * 70 سم ابيض,16,10.7
 غطاء منهل ثقيل 70 * 70 سم اسود,16,10.7
 غطاء منهل ثقيل 70 * 70 سم بني,16,10.7
 غطاء منهل ثقيل 70 * 70 سم بيج,16,10.7
 غطاء منهل ثقيل 70 * 70 سم سكني,16,10.7
 غطاء منهل ثقيل 70 * 70 سم كرميدي,16,10.7
 نقاصة نظام ألماني,21,5.75
 وصلة كهرباء ثلاثية,16,1.75
 وصلة كهرباء رباعية,16,2.25
كشاف LED ( 30 نقطة اضاءة ),16,1.75
 مثلث مفرد,21,9
 فيش ثنائي اعوج,21,5.95
 فيش ثنائي انثى,21,5.75
 فيش ثنائي ذكر,21,4.4
 فيش ثنائي انثى  صناعي 16 امبير,21,6.5
 فيش ثنائي ذكر صناعي 16 امبير,21,5.5
ضوء LED طوارىء 44 نقطة اضاءة,16,3.5
ضوء LED طوارىء 50 نقطة اضاءة,16,3.95
ضوء LED طوارىء 62 نقطة اضاءة,16,4.95
ضوء LED طوارىء 90 نقطة اضاءة,16,5.95
 لمبة نيون ليد 18 واط 1.2م (تعبئة 30),17,24.9
 لمبة نيون ليد 23 واط 1.2 م (تعبئة 30),17,28.9
 لمبة نيون ليد 26 واط 1.2 م (تعبئة 30),17,32.9
 لمبة مطرية 40 واط  1.2م,16,7.5
كشاف LED جودة عالية,16,9.5
لوكس LED جودة عالية,16,1.5
فانوس رحلات LED جودة عالية,16,6.75
لمبة ليد 12 واط أبيض - سن 27 ملي (التعبئة 10),13,8.75
لمبة ليد بلحة 6 واط - سن 14 ملي لون ابيض (التعبئة 10),13,8.75
لمبة ليد بلحة 6 واط - سن 14 ملي لون اصفر (التعبئة 10),13,8.75
سبوت كبس 6 واط لون أبيض (التعبئة 10),13,8.75
سبوت كبس 6 واط لون أصفر (التعبئة 10),13,8.75
 كلبس كهرباء 6 ملي (تعبئة 100),13,0.23
 كلبس كهرباء 8 ملي (تعبئة 100),13,0.26
 كلبس كهرباء 10 ملي (تعبئة 100),13,0.36
 كلبس كهرباء 12 ملي (تعبئة 50),13,0.26
 كلبس كهرباء 14 ملي (تعبئة 50),13,0.39
 كلبس كهرباء 16 ملي (تعبئة 50 ),13,0.4
 كلبس كهرباء 18 ملي (تعبئة 30 ),13,0.32
 كلبس كهرباء 20 ملي  (تعبئة 20 ),13,0.29
 كلبس كهرباء 25 ملي (تعبئة 20 ),13,0.38
كلبس كهرباء 18 ملي تعبئة 100,13,1.16
بربيش حلزوني  20 م مع سلك معدني برتغالي,23,1.95
سلك تدكيك 10 م,16,1.5
سلك تدكيك 15 م,16,1.85
سلك تدكيك 20 م,16,2.35
 مرابط بلاستيك 2.5*150 ملي (تعبئة 100),13,0.29
 مرابط بلاستيك 2.5*200 ملي ( تعبئة 100),13,0.39
 مرابط بلاستيك 3.6*200 ملي (تعبئة 100),13,0.49
 مرابط بلاستيك 3.6*300 ملي ( تعبئة 100),13,0.69
 مرابط بلاستيك 3.6*350 ملي (تعبئة 100),13,0.74
 مرابط بلاستيك 4.6*400 ملي ( التعبئة 100),13,1.09
 مرابط بلاستيك 4.6*500 ملي (التعبئة 100),13,1.19
قاتل الحشرات الطائرة - 15 واط,16,12
" مروحة سقف 56 ""  small ( تعبئة 3 )",17,44.7
جرس لاسلكي,16,3
"مروحة عامود 18"" تايواني",16,19.9
"مروحة جنب 18"" تايواني",16,19.9
 سخان مياه كهرباء 50 لتر مصري,16,49.9
 سخان مياه كهرباء 80 لتر مصري,16,59.9
بربيش غسالة ( تغذية )1 م ايطالي,16,1.3
بربيش غسالة ( تغذية ) 1.5 م ايطالي,16,1.4
بربيش غسالة ( تغذية ) 2 م ايطالي,16,1.6
رول زراعي صحراوي 4م * 50م كوري,9,109.9
 رول زراعي اخضر 4م * 50 م كوري,9,109.9
رول شراع 3*50 م لون صحراوي كوري,9,222
رول شراع 3*50 م لون كباتشينو كوري,9,222
رول شراع 3*50 م لون أصفر كوري,9,222
رول شراع 3*50 م لون أحمر  كوري,9,222
رول شراع 3*50 م لون أزرق كوري,9,222
رول شراع 3*50 م لون كرميدي كوري,9,222
رول شراع 3*50 م لون سكني كوري,9,222
بربيش مياه ستوك ايطالي,6,1.9
بربيش شقلة 8*12 - 20 متر ايطالي,23,7.5
" بربيش مياه  1/2"" 25 م 3 طبقات اصفر إيطالي",23,6.25
" بربيش مياه  1/2"" 50 م 3 طبقات اصفر إيطالي",23,13.5
" بربيش مياه  3/4"" 25 م 3 طبقات اصفر إيطالي",23,13.5
" بربيش مياه  3/4"" 50 م 3 طبقات اصفر إيطالي",23,26.5
" بربيش مياه 1"" 25 م  3 طبقات اصفر  إيطالي",23,22.5
" بربيش مياه 1"" 50 م   3 طبقات اصفر إيطالي",23,44.5
" بربيش مياه  3/4"" 50 م  شفاف CRYSTAL إيطالي",23,44.9
" بربيش مياه 1/2"" 25م  4 طبقات اخضر إيطالي",23,9.9
" بربيش مياه  1/2"" 50 م  4 طبقات اخضر إيطالي",23,20.5
" بربيش مياه  3/4"" 25 م 4 طبقات  اخضر إيطالي",23,17.5
" بربيش مياه  3/4"" 50 م  4 طبقات اخضر إيطالي",23,34.5
" بربيش مياه  1/2"" 25 م 3 طبقات اصفر صيني",23,5.9
" بربيش مياه  1/2"" 50 م 3 طبقات اصفر صيني",23,11.8
" بربيش مياه 1/2"" 25م  4 طبقات اخضر صيني",23,7.9
" بربيش مياه  1/2"" 50 م  4 طبقات اخضر صيني",23,15.8
" بربيش مياه  1/2"" 25 م 6 طبقات  ازرق صيني",23,10.9
" بربيش مياه  1/2"" 25 م  شفاف CRYSTAL صيني",23,9.5
 طرمبة رش زراعي 2 لتر,16,1.35
 طقم راسية بربيش (ABS),19,0.95
 طقم راسية بربيش (pp),19,0.95
 مرش زراعي متعدد الإستخدام,16,1
 مرش زراعي مع نبل نحاس,16,1.9
طرمبة رش زراعي 5 لتر,16,4.75
طرمبة رش زراعي 8 لتر,16,4.95
طرمبة رش زراعي 10 لتر,16,5.9
 مقص شجر صيني,16,1.9
 مقص شجر مع دودة,16,1.5
 مقص شجر تايواني,16,2.9
 مقص شجر تقليم متعدد الأطوال,16,4.5
مقص ورد,16,1.1
 رول زراعي 4 م * 50 م صحراوي مصري,9,99
 رول زراعي 4 م * 50 م اخضر مصري,9,99
 رول زراعي 6 م * 50 م اخضر مصري,9,143
 رول زراعي 8 م * 50 م اخضر مصري,9,179
منشار خشب 60 سم يد خشب الماني,16,4.75
 منشار خشب 45 سم يد بلاستيك صيني,16,1.95
 منشار شجر تايواني,16,3.25
 منشار شجر صيني,16,1.75
منشار مدرسة - ثابت الماني,16,1.3
منشار جبسنبورد 30 سم,16,0.85
 عجل فوم 300 ملي,16,6.75
 عجل فوم 350 ملي,16,8.75
 عجل فوم 400 ملي,16,9.75
 عجل نفخ 400 ملي,16,6.9
منشارخشب 50 سم يد كوشوك اسباني,16,4.25
منشارخشب 60 سم يد كوشوك اسباني,16,4.5
عربة أخضر مع عجل فوم 350 سماكة 0.6  ملي تركي,16,24.5
عربة أزرق مع عجل فوم 300  سماكة 0.8  ملي تركي,16,26.5
"شرشور موز 4.5""  ( تعبئة 6 )",13,4.8
"شرشور موز 5.5""  ( تعبئة 6 )",13,5.1
اداة نكش زراعية G1,16,0.55
اداة نكش زراعية G2,16,0.55
اداة نكش زراعية G3,16,1.1
اداة نكش زراعية G4,16,1.1
اداة نكش زراعية G5,16,1.2
اداة نكش زراعية G6,16,1
اداة نكش زراعية G7,16,1.7
اداة نكش زراعية G8,16,1.7
اداة نكش زراعية G9,16,1.6
اداة نكش زراعية G10,16,1.95
اداة نكش زراعية G11,16,1.95
اداة نكش زراعية G12,16,1.95
اداة نكش زراعية G13 يد فيبر,16,1.9
اداة نكش زراعية G14 يد فيبر,16,1.9
اداة نكش زراعية G15,16,0.85
اداة نكش زراعية G16,16,0.85
اداة نكش زراعية G17,16,1.5
اداة نكش زراعية G18,16,1.5
اداة نكش زراعية G8-2,16,1.4
 بربيش غاز  25 م هندي,23,18.5
 بربيش غاز  25 م إيطالي,23,10.25
 بربيش غاز 50 م إيطالي,23,20.5
اسطوانة غاز 227 غم كوري ( تعبئة 4 ),13,5
غاز رحلات ذهبي جودة عالية,16,15.5
 جرة غاز يوناني,16,0.95
 غاز رحلات اسود,16,8.5
 مفتاح جرة غاز هندي,16,0.45
غاز رحلات اسود مزدوج,16,26.9
مثلث غاز نحاس,16,0.59
 مفتاح فرن هندي,16,0.9
فرد حرق شاروخ ( تعبئة 2 ),13,3.7
اسطوانة غاز 227 غم صيني ( تعبئة 4 ) SK,13,3.5
جلدة غاز,6,4.25
 ساعة غاز مونديال اتوماتيك ايطالي,16,1.95
 ساعة غاز مونديال عادي ايطالي,16,2.5
فرد لهب 920,16,1.4
فرد لهب 516C,16,2.5
فرد لهب M60,16,2.1
فرد لهب 930,16,1.9
فرد لهب 817,16,2.7
فرد لهب 616,16,1.4
" مرابط بربيش غاز 3/4 "" صيني (تعبئة 200)",13,4.5
" مرابط بربيش غاز 3/4"" تايواني ( تعبئة 200 )",13,5.75
نبل غاز إيطالي,16,1
نبل غاز صيني,16,0.25
نبل غاز نحاس هندي,16,0.75
فرد لهب 915,16,1.4
فرد لهب 807,16,1.7
فرد لهب 509C,16,2.8
فرد لهب KT 2108,16,3.75
 مضخة كاز DP14  الحجم الصغير,21,4.9
 مضخة كاز DP15 الحجم الوسط ( تعبئة 10 ),13,10.5
 مضخة كاز DP40 الحجم الكبير,16,2.9
 بيش بلاط 1 ملي ألماني (تعبئة 250),13,0.45
 بيش بلاط 1.5 ملي ألماني (تعبئة 250),13,0.47
 بيش بلاط 2 ملي ألماني (تعبئة 250),13,0.51
 بيش بلاط 2.5 ملي ألماني (تعبئة 250),13,0.53
 بيش بلاط 3 ملي ألماني (تعبئة 250),13,0.57
 بيش بلاط 4 ملي ألماني (تعبئة 250),13,0.64
 بيش بلاط 5 ملي ألماني (تعبئة 250),13,0.76
 مصلب بلاط هندسي ابيض بلاستيك 1.5 ملي (تعبئة 100),13,1.1
 مصلب بلاط هندسي ابيض بلاستيك 2 ملي (تعبئة 100),13,1.1
 اسفين بلاط هندسي احمر بلاستيك  ( تعبئة 100),13,1.5
طقم مصلب 2 ملي مع اسفين بلاط هندسي تعبئة( 100 * 100),19,2.6
مكبس مصلب بلاط هندسي,16,2.9
 طقم مصلب 1.5 ملي مع اسفين بلاط هندسي  تعبئة ( 100 * 100),19,2.6
زوايا بلاط بلاستيك 10 ملي  ابيض صيني ( تعبئة 50),10,14
زوايا بلاط بلاستيك 10 ملي  ازرق صيني ( تعبئة 50),10,14
زوايا بلاط بلاستيك 10 ملي  اسود صيني ( تعبئة 50),10,14
زوايا بلاط بلاستيك  10 ملي  بني فاتح صيني ( تعبئة 50),10,14
زوايا بلاط بلاستيك  10 ملي  بني غامق صيني ( تعبئة 50),10,14
زوايا بلاط بلاستيك 10 ملي  بيج فاتح صيني ( تعبئة 50),10,14
زوايا بلاط بلاستيك 10 ملي  بيج غامق صيني ( تعبئة 50),10,14
زوايا بلاط بلاستيك  10 ملي  زهري صيني ( تعبئة 50),10,14
زوايا بلاط بلاستيك  10 ملي  سكني صيني ( تعبئة 50),10,14
زوايا بلاط بلاستيك  12 ملي  ابيض صيني ( تعبئة 50),10,18
زوايا بلاط بلاستيك  12 ملي  اسود صيني ( تعبئة 50),10,18
زوايا بلاط بلاستيك 12 ملي  بني غامق صيني ( تعبئة 50),10,18
زوايا بلاط بلاستيك  12 ملي  بني فاتح صيني ( تعبئة 50),10,18
زوايا بلاط بلاستيك 12 ملي  بيج غامق صيني ( تعبئة 50),10,18
زوايا بلاط بلاستيك  12 ملي  بيج فاتح صيني ( تعبئة 50),10,18
زوايا بلاط بلاستيك 12 ملي  سكني صيني ( تعبئة 50),10,18
زوايا بلاط المنيوم 10 ملي ذهبي لمعة صيني ( تعبئة 20 ),10,28
زوايا بلاط المنيوم 10 ملي ذهبي مطفي صيني ( تعبئة 20 ),10,28
زوايا بلاط المنيوم 10 ملي فضي لمعة صيني ( تعبئة 20 ),10,28
زوايا بلاط المنيوم 10 ملي فضي مطفي صيني ( تعبئة 20 ),10,28
زوايا بلاط المنيوم 12 ملي ذهبي لمعة صيني ( تعبئة 20 ),10,30
زوايا بلاط المنيوم 12 ملي ذهبي مطفي صيني ( تعبئة 20 ),10,30
زوايا بلاط المنيوم 12 ملي فضي لمعة صيني ( تعبئة 20 ),10,30
 زوايا بلاط المنيوم 12 ملي فضي مطفي صيني ( تعبئة 20 ),10,30
 قشاطة بانيل,16,0.6
شبك قصارة 10 سم  - 18 م ( وزن 0.9 كغ ) اماراتي,9,2.25
شبك قصارة 15 سم - 18 م  ( وزن 1.35 كغ ) اماراتي,9,3.1
شبك قصارة 20 سم - 18 م  ( وزن 1.8 كغ ) اماراتي,9,4.25
شبك قصارة 1 م - 18 م ( وزن 12.6 كغ ) اماراتي,9,24.9
زاوية قصارة 2.85 م SK ( التعبئة 50 ),10,19.9
بلبل 80 غرام,16,1.25
بلبل 300 غرام تايواني,16,1.4
بلبل 400 غرام تايواني,16,1.55
بلبل 500 غرام تايواني,16,1.7
Omega 0.35 mm - 0.86 kg اماراتي ( تعبئة 10 ),10,12
C channel 0.35 mm - 0.46 kg اماراتي ( تعبئة 20 ),10,13
Stud  0.35 mm - 1.20 kg اماراتي ( تعبئة 10 ),10,16
Truck  0.35 mm - 1 kg اماراتي ( تعبئة 10 ),10,13.8
زاوية L  0.35 mm - 0.40 kg اماراتي ( تعبئة 25 ),10,13.5
مزيل دهان 450 مل,16,0.83
مزيل ستكرز  450 مل,16,1
مزيل زفتة  450 مل,16,1
 ملمع تابلو سيارات  450 مل,16,1
 منظف فوم متعدد الاستخدامات  650 مل,16,1
ملمع اطارات 650 مل,16,1
منظف كاربوريتر 450 مل,16,0.83
مزيل صدأ 450 مل,16,0.83
 جنزير بلاستيك 6 ملي 19 م أصفر HIGHPOWER,23,6.25
 جنزير بلاستيك 6 ملي 19 م برتقالي HIGHPOWER,23,6.25
 جنزير بلاستيك 6 ملي 19 م أبيض HIGHPOWER,23,6.25
 جنزير بلاستيك 6 ملي 19 م أخضر HIGHPOWER,23,6.25
 جنزير بلاستيك 6 ملي 19 م كحلي HIGHPOWER,23,6.25
 جنزير بلاستيك 6 ملي 19 م خمري HIGHPOWER,23,6.25
 جنزير حديد مجلفن 3 ملي 20 م,23,4.9
 جنزير حديد مجلفن 4 ملي 20 م,23,8.5
 جنزير حديد مجلفن 5 ملي 20 م,23,12.5
 جنزير حديد مجلفن 6 ملي 20 م,23,16.9
 جنزير حديد مجلفن 8 ملي 20 م,23,30.9
 جنزير حديد مجلفن  10 ملي 20 م,23,45.9
 جنزير حديد مجلفن 12 ملي 20 م,23,68.9
 جنزير 2 ملي 20 م ذهبي,23,5.5
 جنزير 2 ملي 20 م فضي,23,5.25
 جنزير 2.5 ملي 20 م ذهبي,23,5.75
 جنزير 2.5 ملي 20 م فضي,23,5.75
 جنزير 3 ملي  20 م ذهبي,23,10
 جنزير 3 ملي 20 م فضي,23,10
حرف (S) 3 ملي,16,0.09
حرف (S) 4 ملي,16,0.1
حرف (S) 5ملي,16,0.12
حرف (S) 6 ملي,16,0.15
حرف (S)7 ملي,16,0.2
حرف (S) 8 ملي,16,0.24
حرف (S) 10 ملي,16,0.38
 شنكل نجاصة 4 ملي,16,0.16
 شنكل نجاصة 5 ملي,16,0.21
 شنكل نجاصة 6 ملي,16,0.24
 شنكل نجاصة 8 ملي,16,0.36
 شنكل نجاصة 10 ملي,16,0.62
 شنكل نجاصة 12 ملي,16,0.9
 شنكل نجاصة 14 ملي,16,1.62
 بلانكو 1 طن -3م,16,23
 بلانكو 2 طن - 3م,16,30
 بلانكو 3 طن - 3م,16,39
مربط جبد 12 ملي,16,0.65
مربط جبد 16 ملي,16,1.5
مربط جبد 20 ملي,16,2.5
مربط حرف D ( 8 ملي ),16,0.24
مربط حرف D ( 10 ملي ),16,0.29
مربط حرف D ( 12 ملي ),16,0.38
مربط حبل فولاذ 6 ملي,16,0.15
مربط حبل فولاذ 8 ملي,16,0.2
مربط حبل فولاذ 10 ملي,16,0.25
منخل حديد   1.2 م * 20 م وزن 8 كغ,9,19.9
"شبك مربع 1/2"" - 1 م * 25 م وزن 4.5 كغ",9,9.5
"شبك مربع 1/2"" - 1 م * 25 م وزن 6 كغ",9,12.1
"شبك مربع 1/2"" - 1 م * 25 م وزن 8 كغ",9,14.9
"شبك مربع 1/2"" - 1 م * 25 م وزن 10 كغ",9,18.5
"شبك مربع 1/2"" - 1 م * 25 م وزن 12 كغ",9,21.9
"شبك دجاج 1/2"" -  1م * 25 م وزن 4.3 كغ",9,8.5
"شبك دجاج 3/4"" - 1 م * 25 م وزن 3.1 كغ",9,7.5
 رول مشمع كرميد 50م عرض 1.83 م كوري,9,25.9
 رول مشمع نايلون برتقالي  - 5*100 م,9,39.9
رول مشمع 200 مترمربع (4*50) - ابيض فيتنامي,9,72.9
رول مشمع 200 مترمربع (4*50) - برتقالي فيتنامي,9,72.9
رول مشمع 200 مترمربع (6*33.5) - برتقالي فيتنامي,9,72.9
رول مشمع 200 مترمربع (8*25) - برتقالي فيتنامي,9,72.9
رول مشمع 200 مترمربع (10*20) - برتقالي فيتنامي,9,72.9
رول مشمع 200 مترمربع (8*25) - ابيض فيتنامي,9,72.9
رول مشمع 200 مترمربع (10*20) - ابيض فيتنامي,9,72.9
 رول مشمع كرميد 50م عرض 1.83 م - وزن 16 كغ فيتنامي,9,33.9
 رول مشمع نايلون شفاف  100 مايكرون - 2.5*150 م,6,1.75
 رول مشمع نايلون شفاف  50 مايكرون - 2.5*300 م,6,1.75
بربيش هواء حلزوني 8.5 ملي - 15 متر,16,3.25
منفاخ سيارة,16,11.9
منفاخ سيارة 2 سلندر,16,17.9
كيبل شحن بطارية سيارة 3 م,16,7.9
جك سيارة 1.5 طن,16,5.5
 فرد ديزل,16,3.1
ساعة عيار اطارات HARDEN,16,6.5
مزيتة صيني,16,1.25
محقان زيت,16,0.75
"زرادية كبس 10 "" امريكي",16,9.9
زرادية كبس الماني,16,7.9
 زرادية كبس,16,1.9
 زرادية كبس جلدة,16,2.25
" زرادية 7 """,16,0.9
"زرادية 7"" بوز  طويل",16,1.8
"زرادية 7"" حديد CRV",16,1.95
"كماشة بلاط 8 "" هندي",16,1.85
"قطاعة كيبل 6 """,16,1.35
"قطاعة كيبل 8 """,16,1.75
"قطاعة كيبل 10 "" - راسية 1.5""",16,2.05
"قطاعة كيبل 10 "" - راسية 2""",16,2.45
"قطاعة 6 """,16,0.8
"قطاعة 6"" حديد CRV",16,1.6
"قطاعة 7"" حديد CRV",16,1.8
قطاعة طوبار CRV صيني,16,2
"قطاعة طوبار 7"" KNIPEX  ألماني ( تعبئة 6)",13,52.9
قطاعة طوبار هندي,16,1.45
" قطاعة جنازير 14 """,16,3.9
" قطاعة جنازير 18 """,16,4.9
" قطاعة جنازير 24 """,16,6.9
" قطاعة جنازير 30 """,16,9.9
"قطاعة طوبار 7"" تركي",16,5.75
شاكوش 1 كغ يد خشب,16,2.25
شاكوش 1.5كغ يد خشب,16,2.95
شاكوش 350 غرام يد فيبر,16,1.4
شاكوش  350 غرام يد خشب,16,1.2
شاكوش 500 غرام يد فيبر,16,2.1
شاكوش 500 غرام يد خشب,16,1.85
شاكوش خلع  700 غرام  يد حديد,16,1.95
شاكوش خلع 650 غرام يد فيبر,16,1.45
بلطة 800 غم يد فيبر,16,3.5
شاكوش بلاط سيليكون 350 غم,16,0.99
شاكوش بلاط سيليكون 430 غم,16,1.09
شاكوش بلاط سيليكون 590 غم,16,1.4
شاكوش 2 كغ يد خشب,16,3.75
كريك 27 سم مع عصا 1.2 م,19,2.35
كريك 29 سم مع عصا 1.2 م,19,2.4
كريك 27 سم,16,1.7
كريك 29 سم,16,1.8
عصا كريك 120 سم صيني,21,7.08
شاكوش ابو جمال 325 غم,16,1.5
فاس 1.5 كغ صيني,16,2.75
فاس 2 كغ صيني,16,2.95
فاس 2.5 كغ صيني,16,3.5
شاكوش ربر أسود 225 غم HARDEN,16,1.6
شاكوش ربر أسود 450 غم HARDEN,16,2.25
ازميل بوز رفيع قطر 16 ملي,16,1
ازميل بوز عريض قطر 16 ملي,16,1
مهدة 3 كغ صيني,16,4.35
مهدة 4 كغ صيني,16,5.8
مهدة 5 كغ صيني,16,7.25
مهدة 6 كغ صيني,16,8.7
مهدة 8 كغ صيني,16,11.6
عصا مهدة خشب زان 90 سم صيني,16,1.9
طورية مربعة هندي,16,2.95
طورية مثلث هندي,16,2.35
طورية تمساح صيني,16,2.8
ميزان ماء 30 سم صيني,16,1.75
ميزان ماء 40 سم صيني,16,1.99
ميزان ماء 50 سم صيني,16,2.15
ميزان ماء 60 سم صيني,16,2.35
ميزان ماء 30 سم WEISS ألماني,16,5.5
ميزان ماء 40 سم WEISS ألماني,16,6
ميزان ماء 50 سم WEISS ألماني,16,6.9
ميزان ماء 60 سم WEISS ألماني,16,7.25
ميزان ماء 70 سم WEISS ألماني,16,8.2
ميزان ماء 80 سم WEISS ألماني,16,8.55
منشار حديد,16,0.8
منشار حديد جودة عالية HARDEN,16,1.95
منشار شجر مع غطاء,16,1.45
منشار حديد فضي,16,4.5
نسلة منشار تشيكي,16,0.25
ميزان خضار الكتروني 30 كيلوغرام,16,19.9
ميزان خضار الكتروني 30 كيلوغرام كبسات حديد جودة عالية,16,25
ميزان خضار الكتروني 30 كيلوغرام مع رقبة,16,24
ميزان الكتروني متعدد الاستعمالات 10 كيلوغرام,16,4.5
ميزان تعليق الكتروني  50 كيلوغرام,16,2.5
ميزان الكتروني 300 كيلوغرام قياس 52*42,16,95
نسلة منشار أزرق صيني ( تعبئة 100),13,8.9
نسلة منشار برتقالي صيني ( تعبئة 100),13,13.9
ميزان ماء 30 سم صناعي WEISS ألماني,16,5.75
ميزان ماء 40 سم صناعي WEISS ألماني,16,6.25
ميزان ماء 50 سم صناعي WEISS ألماني,16,7.25
ميزان ماء 60 سم صناعي WEISS ألماني,16,7.75
ميزان ماء 70 سم صناعي WEISS ألماني,16,8.25
"مفتاح جادور 6""",16,1.06
"مفتاح جادور 8""",16,1.14
"مفتاح جادور 10""",16,1.53
"مفتاح جادور 12""",16,2.02
"مفتاح جادور يد كوشوك 6""",16,1.43
"مفتاح جادور يد كوشوك 8""",16,1.91
"مفتاح جادور يد كوشوك 10""",16,2.49
"مفتاح جادور يد كوشوك 12""",16,3.22
شفرات مشرط 18 ملي تركي ( تعبئة 100 ),13,4.75
شفرات مشرط 9 ملي تركي ( تعبئة 100 ),13,3.9
طقم الن كي عادي مقاس صغير  9  قطع,19,1.35
طقم الن كي عادي مقاس وسط 9 قطع,19,1.65
طقم الن كي عادي مقاس كبير 9 قطع,19,1.85
 متر قياس 8 م ASSIST,16,4.5
مقص مواسير  ( PVC  ) 42 ملي,16,2.5
 كاوي لحام 60 واط,16,1.25
 كاوي لحام 60 واط صناعي,16,1.95
 مقص صاج تايواني,16,3.95
 مقص صاج صيني,16,2
زجاج لحام 90*110 ( تعبئة 10 ),13,4.4
 متر قياس 5 م فيرتون,21,12.5
 متر قياس ثقيل 5م أسود,21,11.9
 متر قياس 5م الوان,21,10.25
 متر قياس ثقيل  7.5م أسود,21,14.9
 متر كركر 30 م صيني,16,2.25
 متر كركر 50 م صيني,16,3.5
متر قياس 7.5 م,16,1.8
 متر كركر 20 م كوري,16,4.75
متر قياس مساحة 50 متر WEISS ألماني,16,45
 مفك  تست كهرباء 14 سم  ألماني,21,3.9
 مفك  تست كهرباء 19 سم  ألماني,21,5.75
 مفك تست كهرباء 12.5 سم صيني (تعبئة 20),13,3.75
 مفك تست كهرباء 19 سم صيني (تعبئة 12 ),21,3.25
" مفك  4"" مصلب صيني",16,0.3
" مفك  5"" عادي صيني",16,0.35
" مفك  5"" مصلب صيني",16,0.35
 متر قياس 3 م,21,9.9
" مفك  6"" مصلب صيني",16,0.4
" طقم مفكات 6 قطع عادي و مصلب (4""+5""+6"")",19,1.8
" طقم مفكات 7 قطع عادي و مصلب (8""+9""+10""+11.5"")",19,2.75
 مفك لانسر عادي تايواني,21,10.9
 مفك لانسر مصلب تايواني,21,10.9
طقم مفكات  دقيقة 6 قطع,19,0.9
مفك عازل للكهرباء مصلب 8 سم الماني  (تعبئة 8 ),13,5.25
مفك عازل للكهرباء مصلب 15 سم الماني (تعبئة 2),13,2.25
مفك عازل للكهرباء عادي 15 سم الماني (تعبئة 2),13,2.25
صندوق بلاستيك متعدد الاستخدام كبير,16,6.5
صندوق بلاستيك متعدد الاستخدام صغير,16,4.5
 صندوق عدة حديد صغير,16,4.75
 صندوق عدة حديد كبير,16,10.5
 طقم صندوق عدة بلاستيك 4 قطع,19,11.5
طقم صندوق عدة 12 قطعة,19,9.5
طقم صندوق عدة 32 قطعة,19,12.9
 حرجاية بناء هندي,16,2.25
 مشرط المنيوم 18 ملي صيني,16,0.65
 مشرط المنيوم نخب 18 ملي صيني,16,0.75
 مشرط بلاستيك مع شفرات 18 ملي صيني,16,0.5
 مشرط بلاستيك نخب 18 ملي صيني,16,0.45
 شفرات  مشرط صيني  (تعبئة 200),13,5.9
 شفرات  مشرط  تايواني  (تعبئة 100),13,5.9
"مفتاح مواسير مستقيم 8""",16,2.06
"مفتاح مواسير مستقيم 10""",16,2.4
"مفتاح مواسير مستقيم 12""",16,3.02
"مفتاح مواسير مستقيم 14""",16,3.79
"مفتاح مواسير مستقيم 18""",16,5.23
"مفتاح مواسير مستقيم 24""",16,7.39
مشرط بلاستيك 18 ملي صيني,16,0.4
"وصلة بوكس 0.25 "" HARDEN",16,0.9
 مفتاح شق رنق 6 ملي  هندي,16,0.25
 مفتاح شق رنق 7 ملي هندي,16,0.27
 مفتاح شق رنق 8 ملي هندي,16,0.28
 مفتاح شق رنق 9 ملي هندي,16,0.29
 مفتاح شق رنق 10 ملي هندي,16,0.33
 مفتاح شق رنق 11 ملي هندي,16,0.34
 مفتاح شق رنق 12 ملي هندي,16,0.35
 مفتاح شق رنق 13 ملي هندي,16,0.42
 مفتاح شق رنق 14 ملي هندي,16,0.47
 مفتاح شق رنق 15 ملي هندي,16,0.6
 مفتاح شق رنق 16 ملي هندي,16,0.62
 مفتاح شق رنق 17 ملي هندي,16,0.63
 مفتاح شق رنق 18 ملي هندي,16,0.64
 مفتاح شق رنق 19 ملي هندي,16,0.65
 مفتاح شق رنق 20 ملي هندي,16,0.8
 مفتاح شق رنق 21 ملي هندي,16,0.85
 مفتاح شق رنق 22 ملي هندي,16,0.9
 مفتاح شق رنق 23 ملي هندي,16,1.28
 مفتاح شق رنق 24 ملي هندي,16,1.45
 مفتاح شق رنق 6 ملي POLISH  هندي,16,0.31
 مفتاح شق رنق 7 ملي POLISH هندي,16,0.34
 مفتاح شق رنق 8 ملي POLISH هندي,16,0.36
 مفتاح شق رنق 9 ملي POLISH هندي,16,0.38
 مفتاح شق رنق 10 ملي POLISH هندي,16,0.4
 مفتاح شق رنق 11 ملي POLISH هندي,16,0.42
 مفتاح شق رنق 12 ملي POLISH هندي,16,0.44
 مفتاح شق رنق 13 ملي POLISH هندي,16,0.46
 مفتاح شق رنق 14 ملي POLISH هندي,16,0.54
 مفتاح شق رنق 15 ملي POLISH هندي,16,0.67
 مفتاح شق رنق 16 ملي POLISH هندي,16,0.74
 مفتاح شق رنق 17 ملي POLISH هندي,16,0.76
 مفتاح شق رنق 18 ملي POLISH هندي,16,0.78
 مفتاح شق رنق 19 ملي POLISH هندي,16,0.8
 مفتاح شق رنق 20 ملي POLISH هندي,16,0.99
 مفتاح شق رنق 21 ملي POLISH هندي,16,1.05
 مفتاح شق رنق 22 ملي POLISH هندي,16,1.08
 مفتاح شق رنق 23 ملي POLISH هندي,16,1.3
 مفتاح شق رنق 24 ملي POLISH هندي,16,1.46
طقم مفتاح شق رنق 8 قطع  هندي,19,3.6
طقم شق شق 10 قطع ( 20 قياس ) الماني,19,12.5
"مسطرين بلاط 6"" يد خشب صيني",21,7.25
"مسطرين بلاط 7"" يد خشب صيني",21,7.75
"مسطرين بلاط 8"" يد خشب صيني",21,7.95
مفتاح بوكس متعدد المقاسات,16,2.75
حقيبة شق رنق هندي,16,0.5
طقم بوكسات مع راسيات 38 قطعة,19,5.5
طقم بوكسات 12 قطعة,19,8.69
مسطرين يد خشب مربع 18 سم صيني,21,8.25
مسطرين يد خشب مربع 20 سم صيني,21,8.25
سلكة دهان 200 غرام ايطالي,16,1.4
 كف لباد يد بلاستيك CO.ME SRL إيطالي,16,2.75
 كف لباد يد كاوشوك صيني,16,1.95
 مالج قصارة يد خشب عادي صيني,21,14.75
 مالج قصارة يد خشب مشرنف صيني,21,14.75
"زرادية 7"" ORBIS الماني",16,6.5
 ماكينة شبريز,16,3.75
مالج قصارة يد خشب عادي CO.ME SRL ايطالي,16,4.75
 مالج قصارة يد خشب مشرنف CO.ME SRL ايطالي,16,4.9
 مالج قصارة يد بلاستيك عادي CO.ME SRL ايطالي,16,3.9
 مالج قصارة يد بلاستيك مشرنف CO.ME SRL ايطالي,16,4.1
 مالج قصارة يد بلاستيك عادي صيني,21,7.2
 مالج قصارة يد بلاستيك مشرنف صيني,21,7.2
 مالج قصارة يد كوشوك عادي صيني,21,10.9
 مالج قصارة يد كوشوك مشرنف صيني,21,10.9
بلطة 800 غم يد خشب,16,3.25
مشط أرض,16,1.25
مالج قصارة يد كوشوك عادي ستانلس ستيل,16,1.85
مالج قصارة يد خشب عادي ستانلس ستيل,16,1.65
"زرادية فورد 10"" KNIPEX الماني",16,10.75
"كماشة 7"" ORBIS الماني",16,6.25
 مسطرين  20سم إيطالي,16,5.5
"مسطرين بلاط 5"" يد خشب CO.ME SRL ايطالي",16,3.25
"مسطرين بلاط 6"" يد خشب CO.ME SRL ايطالي",16,4.1
"مسطرين بلاط 7"" يد خشب CO.ME SRL ايطالي",16,4.5
مسطرين مربع 20 سم يد خشب CO.ME SRL ايطالي,16,4.5
مسطرين مربع 18 سم يد خشب الماني,16,4
مسطرين مربع 20 سم يد خشب الماني,16,4.5
مسطرين مربع 18 سم يد خشب CO.ME SRL ايطالي,16,4.5
" اسطوانة قص 4.5"" حجر ايطالي",16,0.4
" اسطوانة قص 9"" حجر ايطالي",16,0.82
" اسطوانة قص 9"" حديد ايطالي",16,0.82
" اسطوانة قص 9"" ستانلس ايطالي",16,0.99
" اسطوانة قص 4.5"" حديد ايطالي",16,0.4
"اسطوانة قَص جرانيت 7"" صيني",16,2.9
" اسطوانة قص حديد 4.5"" RHODIUS الماني",16,0.392
" اسطوانة قص حديد 7"" RHODIUS الماني",16,0.6
اسطوانة خشب BOSCH الماني,16,6
"اسطوانة قص 4.5"" حجر تركي",16,0.45
"اسطوانة قص 4.5"" حديد  تركي",16,0.45
"اسطوانة قص 4.5"" ستانلس تركي",16,0.5
"اسطوانة قص 9"" حجر تركي",16,0.9
"اسطوانة قص 9"" حديد تركي",16,0.9
"اسطوانة قص 9"" ستانلس تركي",16,1.1
"اسطوانة قص حجر 7"" ألماني",16,0.65
اسطوانة قَص جرانيت 4.5 انش صيني,16,1.1
"اسطوانة قص حديد 4.5"" أوروبي",16,0.58
"اسطوانة قص حديد 9"" أوروبي",16,1.3
"صاروخ قص 4.5""  850 واط  HCC",16,15.5
"صاروخ قص 4.5"" 900 واط HCC",16,18.5
"صاروخ قص 4.5""   1020   واط HCC",16,17.5
"صاروخ قص  9"" 2500 واط   HCC",16,44.5
"صاروخ قص 7"" 1600 واط HCC",16,29.5
"صاروخ بولش  7.5"" 1100 واط HCC",16,31.5
صاروخ درمل 240 واط HCC,16,14.5
سشوار حراري 2000 واط,16,11.9
 درل شحن 16.8 فولت 2 بطارية شاحن سريع,16,22.5
درل شحن 18 فولت مع 2 بطارية,16,18.9
 درل شحن 21 فولت 2 بطارية شاحن سريع,16,33.5
درل كهرباء امباكت 13 ملي  550 واط HCC,16,14.1
درل مفك شحن ( 28 قطعة ),19,6.75
درل كهرباء 10 ملي 450 واط HCC,16,10.9
درل كهرباء امباكت 13 ملي  810 واط HCC,16,18.5
درل كهرباء امباكت 13 ملي  710 واط HCC,16,14.5
ريشة درل  3 ملي حديد صيني ( تعبئة 10),13,0.75
ريشة درل   4 ملي حديد صيني  ( تعبئة 10),13,1.1
ريشة درل  4.5 ملي حديد صيني   ( تعبئة 10),13,1.25
ريشة درل  5 ملي حديد صيني   ( تعبئة 10),13,1.4
ريشة درل  6 ملي حديد صيني   ( تعبئة 10),13,1.65
مشحاف الماني 25,16,
ريشة درل  8 ملي حديد صيني   ( تعبئة 10),13,2.1
ريشة درل  10 ملي حديد صيني   ( تعبئة 5 ),13,1.3
 راسية درل 2.5 سم صيني (تعبئة 10),13,1
 راسية درل 5 سم جودة عالية صيني ( تعبئة 10),13,1.75
 راسية درل 5 سم صيني ( تعبئة 10 ),13,1.5
 راسية درل 6.5 سم صيني (تعبئة 10 ),13,1.75
 راسية درل 11 سم جودة عالية صيني  ( تعبئة 5 ),13,1.75
 راسية درل 11 سم صيني ( تعبئة 10 ),13,2.25
 راسية درل  4.5 سم (تعبئة 25) تايواني,13,7.5
 راسية درل  10 سم (تعبئة 10) تايواني,13,7.5
"طقم راسية برغي هنجر 6.5 سم  قطر 3/8"" (تعبئة 5)",13,1.25
طقم راسية برغي هنجر 10 ملي ZHIWEI ( تعبئة 5 ),19,1.1
طقم راسية برغي هنجر 12 ملي ZHIWEI ( تعبئة 5 ),19,1.3
طقم راسية برغي هنجر 13 ملي ZHIWEI ( تعبئة 5 ),19,1.5
"اسطوانة جرانيت مغلق 4.5"" ZHIWEI",16,1.6
"اسطوانة جرانيت مغلق 7"" ZHIWEI",16,2.95
ريشة درل 5.5 ملي SDS صيني,16,0.5
ريشة درل 6 ملي SDS صيني,16,0.5
ريشة درل 8 ملي SDS صيني,16,0.55
ريشة درل 5.5 ملي صيني,16,0.25
ريشة درل حجر 10 ملي,16,0.27
ريشة درل 8 ملي صيني,16,0.28
ريشة درل 10 ملي صيني,16,0.3
ريشة درل حجر   4.5 ملي فرنسي,16,0.4
ريشة درل حجر 6 ملي MASONRY,16,0.15
ريشة درل حجر 8 ملي IRWIN,16,0.23
ريشة درل حجر   7  ملي فرنسي,16,0.6
ريشة درل حجر SDS 160*10 ملي OURUISI,16,0.525
ريشة درل حجر   9  ملي ألماني,16,0.7
ريشة درل حجر SDS 160*6 ملي IRWIN,16,0.325
ريشة درل حجر SDS 8*110 ملي IRWIN,16,0.325
ريشة درل حجر SDS 8*160 ملي IRWIN,16,0.425
ريشة درل حجر SDS 10*160 ملي IRWIN,16,0.525
ريشة درل حجر   15  ملي فرنسي,16,1.8
ريشة درل حجر   16  ملي فرنسي,16,1.9
ريشة درل حجر   22  ملي فرنسي,16,2.2
"مقص خشب متحرك 7.5"" 1400 واط HCC",16,28.5
"مقطع قص حديد ثابت 14"" 2500 واط HCC",16,59.5
مقطع مقص 1850 واط HCC,16,65.5
"سكينة مقص قطر 10"" سماكة 2.8 HCC",16,3.75
مضخة ماء 2/1 حصان دنكي,16,16.9
مضخة ماء 3/4 حصان دنكي,16,29.9
مضخة غسيل سيارات ( ماتور ) 90 بار صيني,16,54
مضخة غسيل سيارات ( موبين ) 105 بار اسباني,16,54
 فصالة لحام  12 ملي  صيني (تعبئة 330),17,19.5
 فصالة لحام  14 ملي  صيني (تعبئة 250),17,18.5
 فصالة لحام  16 ملي  صيني (تعبئة 200),17,24.5
 فصالة لحام  20 ملي صيني (تعبئة 85 ),17,16.5
بلور هواء 600 واط,16,8.75
اداة حف كهربائية 320 واط HCC,16,17.5
فارة كهربائية 650 واط HCC,16,30.5
خراقة قص خشب 550 واط HCC,16,25.5
منشار شجر كهرباء 1900 واط HCC,16,30.5
درل همر تكسير  1100 واط HCC,16,54.5
درل همر 1280 واط HCC,16,34.5
درل كهرباء همر 950 واط  HCC,16,37.5
هيلتي 1600 واط HCC,16,86.5
ازميل هيلتي HCC,16,7.5
 فصالة لحام  12 ملي تعبئة 21 هندي,13,1.7
 فصالة لحام  14 ملي تعبئة 14 هندي,13,1.7
 فصالة لحام  18 ملي صيني ( تعبئة 10 ),13,2.6
تباشيم حديد 25*5 ملي,6,2.6
سلك لحام 2.5 ملي - وزن 20 كيلوغرام (تعبئة 8 باكيت ) HERO,17,19.75
سلك لحام 3.2 ملي - وزن 20 كيلو غرام (تعبئة 4 باكيت) HERO,17,19.75
سلك لحام 4 ملي - وزن 20 كيلو غرام (تعبئة 4 باكيت) HERO,17,19.75
فرد تباشيم 10 انش صيني,16,3.75
فرد تباشيم  مع تباشيم 10 انش صيني,16,3.9
" فرد تباشيم 10 "" تايواني",16,5.25
تباشيم المنيوم 4*10 ملي (تعبئة 1000),13,3.5
تباشيم المنيوم 4*12 ملي(تعبئة 1000),13,3.6
تباشيم المنيوم  10*5  ملي (تعبئة 500),13,4.25
عجل منخل,16,0.99
 منخل 1 م * 20 م اخضر,9,7.25
 منخل 1 م * 20 م اسود,9,7.25
 منخل 1 م * 20 م سكني,9,7.25
 منخل 1.2 م * 20 م اخضر,9,8.75
 منخل 1.2 م * 20 م اسود,9,8.75
 منخل 1.2 م * 20 م سكني,9,8.75
 منخل 1.5 م * 20 م اخضر,9,10.75
 منخل 1.5 م * 20 م اسود,9,10.75
 منخل 1.5 م * 20 م سكني,9,10.75
اداة قص زجاج صيني ( تعبئة 10 ),13,7.75
اداة قص زجاج الماني,16,1
حمالة زجاج مفرد HARDEN,16,3.75
حمالة زجاج ثنائي HARDEN,16,6.5
حمالة زجاج ثلاثي HARDEN,16,7.6
"عجل تفلون 1.5 """,21,3
"عجل تفلون 1.5 "" مع بريك",21,4.44
"طقم عجل تفلون 1.5 "" (4 قطع)",19,1.1
" طقم عجل تفلون 2"" (4 قطع )",19,1.35
 مسمار كوشوك لون بني غامق medium ( تعبئة 100),13,1.75
 مسمار كوشوك لون بني فاتح medium ( تعبئة 100 ),13,1.75
 مسمار كوشوك لون بني غامق large ( تعبئة 100 ),13,1.75
" مسمار كوشوك تايواني 8/7"" لون أبيض ( تعبئة 500 )",13,10.9
 مسمار كوشوك لون بني فاتح large ( تعبئة 100 ),13,1.75
" مسمار كوشوك تايواني 1.1/8 "" لون أبيض ( تعبئة 500 )",13,16.9
مسمار كوشوك لون ابيض LARGE ( تعبئة 100),13,1.75
مسمار كوشوك لون ابيض MEDIUM ( تعبئة 100 ),13,1.75
 طقم  فم سمكة  4 قطع حجم صغير,19,0.5
 طقم فم سمكة 4 قطع حجم وسط,19,0.6
 طقم فم سمكة 4 قطع حجم كبير,19,0.8
زوايا ديكور 14*19 لون أبيض,21,9.25
زوايا ديكور 14*19لون أسود,21,9.25
زوايا ديكور 24*19 لون أبيض,21,13.25
زوايا ديكور 24*19 لون أسود,21,13.25
زوايا ديكور 29*24 لون أبيض,21,17.25
زوايا ديكور 29*24 لون أسود,21,17.25
زوايا رف 4 * 5 (تعبئة 24),13,2.4
زوايا رف  5 * 6 (تعبئة 24),13,2.6
 زوايا رف  6* 8 (تعبئة 24),13,2.8
 زوايا رف 8 * 10 (تعبئة 24),13,4.25
 زوايا رف 10 * 12 (تعبئة 24),13,6.75
 زوايا رف 12 * 14 (تعبئة 24),13,7.9
 فصالة لحام  12 ملي  صيني (تعبئة 16 ),13,1.55
 فصالة لحام  14 ملي  صيني (تعبئة 14 ),13,1.9
 فصالة لحام  16 ملي  صيني (تعبئة 12 ),13,2.1
 فصالة لحام  20 ملي صيني (تعبئة 9  ),13,2.9
عصا خشب 1.2 م فيتنامي (تعبئة 50),10,11.5
عصا خشب pvc طول 1.2 م صيني (تعبئة 50),10,9
مكنسة غسيل 23.5 سم ( 150 غرام ) صيني,16,0.29
مكنسة 27 سم ( 180 غرام ) صيني,16,0.37
قشاطة طبقتين 50 سم بلاستيك,21,4.8
فروة 7.5 انش polish لاصقة,16,1
قشاطة طبقتين 40 سم بلاستيك ( تعبئة 24 ),17,7.5
مقص ستانلس ستيل,16,0.95
مقص قرطاسية,16,0.7
 قاعدة متعدد الاستخدام حجم صغير - ريلاكس,16,5
 قاعدة متعدد الاستخدام حجم كبير ثابت - كناري,16,13.7
قاعدة متعددة الاستخدام حجم كبير متحرك - كناري,16,13.7
 قاعدة متعددة الاستخدام حجم كبير  متحرك - ماجستيك,16,10.9
 مقص عادي,16,0.75
 مقص مطبخ SK,16,0.99
 خرامة احزمة,16,1.75
علاقة مفاتيح (تعبئة 100),13,1.9
جلدة كاتم صوت واقية للاثاث ( تعبئة 100 ),13,0.7
يد خزانة 15 سم ( تعبئة 50 ),13,9
يد خزانة 20 سم ( تعبئة 50 ),13,9.5
 علاقة ملابس  3 اصابع المنيوم,16,0.79
 علاقة ملابس  4 اصابع المنيوم,16,0.99
 علاقة ملابس  5 اصابع المنيوم,16,1.25
 علاقة ملابس  6 اصابع المنيوم,16,1.5
 علاقة ملابس  7 اصابع المنيوم,16,1.75
 علاقة ملابس  8 اصابع المنيوم,16,2.25
يد خزانة 25 سم ( تعبئة 50 ),13,10.25
طاقية سلامة عامة تركي,16,2.25
خوذة واقية لون اصفر تركي,16,1.95
خوذة واقية لون احمر تركي,16,1.95
خوذة واقية لون ازرق تركي,16,1.95
خوذة واقية لون ابيض تركي,16,1.95
فزت تحذيري لون احمر M تركي,16,2.5
فزت تحذيري لون احمر L تركي,16,2.5
فزت تحذيري لون احمر XL تركي,16,2.5
فزت تحذيري لون ازرق M تركي,16,2.5
فزت تحذيري لون ازرق L تركي,16,2.5
فزت تحذيري لون ازرق XL تركي,16,2.5
فزت تحذيري لون فسفوري و كحلي M تركي,16,2.5
فزت تحذيري لون فسفوري و كحلي L تركي,16,2.5
فزت تحذيري لون فسفوري و كحلي XL تركي,16,2.5
فزت تحذيري لون برتقالي و كحلي M تركي,16,2.5
فزت تحذيري لون برتقالي و كحلي L تركي,16,2.5
فزت تحذيري لون برتقالي و كحلي XL تركي,16,2.5
كفوف ربر صناعي L,21,5.5
كفوف ربر صناعي XL,21,5.5
 فزت تحذيري 100 غم  XL لون فسفوري صيني,16,0.85
 فزت  تحذيري 100 غم  XXL لون فسفوري صيني,16,0.85
 فزت تحذيري 100 غم XXXL لون فسفوري صيني,16,0.85
فزت تحذيري   XL لون برتقالي صيني,16,0.79
فزت تحذيري XXL  لون برتقالي صيني,16,0.79
فزت تحذيري XXXL  لون برتقالي صيني,16,0.79
 كمامة طبية ( تعبئة الباكيت 50 ),13,3.9
حبل تسلق full body  تركي,16,18.9
حبل تسلق شنكل تركي,16,17.9
 كفوف صوف,21,2.25
 كفوف مواد كيميائية,21,10.5
 كفوف باندا M,21,5.95
 كفوف باندا L,21,5.95
 كفوف باندا XL,21,5.95
 كفوف كتان,21,10.5
 كفوف مغطس جهة واحدة,21,2.9
 كفوف مغطس جهتين,21,6.5
كفوف مقاومة للقطع (تعبئة 10),20,17.9
حذاء سلامة عامة,18,14.9
جزمة عمال وزن 1.65 كغ لون اسود ( نمرة 42 ) ايطالي,18,4.25
جزمة عمال وزن 1.65 كغ لون اسود ( نمرة 43 ) ايطالي,18,4.25
جزمة عمال وزن 1.65 كغ لون اسود ( نمرة 44 ) ايطالي,18,4.25
جزمة عمال وزن 1.65 كغ لون اسود ( نمرة 45 ) ايطالي,18,4.25
جزمة عمال وزن 1.65 كغ لون اسود ( نمرة 46 ) ايطالي,18,4.25
جزمة عمال وزن 1.3 كغ لون اصفر ( نمرة 42 ),18,4.1
جزمة عمال وزن 1.3 كغ لون اصفر ( نمرة 43 ),18,4.1
جزمة عمال وزن 1.3 كغ لون اصفر ( نمرة 44 ),18,4.1
جزمة عمال وزن 1.3 كغ لون اصفر ( نمرة 45 ),18,4.1
جزمة عمال وزن 1.3 كغ لون اصفر ( نمرة 46 ),18,4.1
جزمة عمال وزن 1.3 كغ لون ازرق ( نمرة 42 ),18,4.1
جزمة عمال وزن 1.3 كغ لون ازرق ( نمرة 43 ),18,4.1
جزمة عمال وزن 1.3 كغ لون ازرق ( نمرة 44 ),18,4.1
جزمة عمال وزن 1.3 كغ لون ازرق ( نمرة 45 ),18,4.1
جزمة عمال وزن 1.3 كغ لون ازرق ( نمرة 46 ),18,4.1
جزمة عمال وزن 1.3 كغ لون ابيض ( نمرة 42 ),18,4.85
جزمة عمال وزن 1.3 كغ لون ابيض ( نمرة 43 ),18,4.85
جزمة عمال وزن 1.3 كغ لون ابيض ( نمرة 44 ),18,4.85
جزمة عمال وزن 1.3 كغ لون ابيض ( نمرة 45 ),18,4.85
جزمة عمال وزن 1.3 كغ لون ابيض ( نمرة 46 ),18,4.85
نظارة وقاية صناعية لون اسود,16,1.3
نظارة وقاية صناعية لون ابيض,16,1.2
سماعات واقية صناعية HARDNE,16,2.5
سدادة أذن  HARDNE,21,2.9
 قفل موحد مطلي نحاس 38 ملي (تعبئة 6),13,3.95
 قفل موحد مطلي نحاس 50 ملي (تعبئة 6 ),13,5.95
قفل موحد مطلي نحاس 63 ملي (تعبئة 6),13,7.45
قفل رقم سري حديد 38 ملي,16,1.5
قفل رقم سري نحاس 28 ملي - حجم صغير,16,2.5
قفل رقم سري نحاس 38 ملي - حجم كبير,16,3.75
 قفل 50 ملي  حلقة طويلة ايطالي,16,7
 قفل رقم سري حلقة طويلة 7 انش,16,10
 قفل حلقة طويلة  20 ملي اصفر صيني,21,3.5
 قفل حلقة طويلة 25 ملي اصفر  صيني,21,3.75
 قفل حلقة طويلة 32 ملي اصفر صيني,21,5
 قفل حلقة طويلة 38 ملي اصفر صيني,21,6
 قفل حلقة طويلة  50 ملي اصفرصيني,21,8.75
 قفل حلقة طويلة  63 ملي اصفر صيني,21,14.5
" قفل سكب  1""  25 ملي اصفر  صيني",21,3.75
" قفل سكب  1.25""  32 ملي اصفر صيني",21,4.75
" قفل سكب  1.5""  38 ملي اصفر صيني",21,5.75
" قفل سكب  2""  50 ملي اصفر صيني",21,8.5
" قفل سكب  2.5""  63 ملي اصفر صيني",21,13.25
" قفل سكب  1""  25 ملي أسود صيني",21,3.5
" قفل سكب  1.25""  32 ملي أسود  صيني",21,4.5
" قفل سكب  1.5""  38 ملي أسود  صيني",21,5.5
" قفل سكب  2""  50 ملي أسود صيني",21,8.25
" قفل سكب  2.5""  63 ملي أسود صيني",21,13
" قفل نحاسي سكب   2""  50 ملي إيطالي",16,6.5
قفل سكب فرعوني 40 ملي,16,3.75
قفل سكب فرعوني 50 ملي,16,4.75
قفل سكب فرعوني 60 ملي,16,5.75
"جارور مبسط 3"" ثقيل ذهبي",21,4.75
"جارور مبسط 4"" ثقيل ذهبي",21,5.25
"جارور مبسط 5"" ثقيل ذهبي",21,6.25
"جارور مبسط 6"" ثقيل ذهبي",21,6.75
" جارور مبروم 3"" ذهبي",21,2.95
" جارور مبروم  4"" ذهبي",21,3.95
" جارور مبروم 5"" ذهبي",21,4.25
" جارور مبروم 6"" ذهبي",21,7.95
" جارور مبروم 8"" ذهبي",21,9.95
"جارور مبروم 3"" اسود",21,2.35
"جارور مبروم 4"" اسود",21,2.85
"جارور مبروم 5"" اسود",21,3.65
"جارور مبروم 6"" اسود",21,4.1
 سلندر حمام 7 سم نحاس لون ذهبي صيني,16,4.5
 سلندر حمام 7 سم نحاس لون فضي صيني,16,4.5
 سلندر حمام 7 سم نحاس لون برونز صيني,16,4.5
 سلندر 7 سم مع 3 مفاتيح صيني,16,0.908
 سلندر كمبيوتر 7 سم مع 5 مفاتيح صيني,16,1.325
 سلندر 6 سم إيطالي,16,3
 سلندر 7 سم إيطالي,16,3.85
 سلندر مفتاح عادي 7 سم  تركي,16,3.25
 سلندر مفتاح كمبيوتر 7 سم لون ذهبي تركي,16,3.9
 سلندر مفتاح كمبيوتر 7 سم لون فضي تركي,16,3.9
 سلندر حمام 7 سم نحاس صيني ( تعبئة 10 ),13,25
 زرفيل 7 /45  ذهبي تركي,16,4.75
زرفيل 45/7 فضي تركي,16,4.75
 زرفيل 45/7 مع 3 مفاتيح صيني,16,3.75
 زرفيل 45/7 كمبيوتر مع 4 مفاتيح صيني,16,3.9
 زرفيل 45/7 إيطالي,16,6.9
 زرفيل المنيوم 20/85 ملي صيني,16,3.25
 زرفيل المنيوم 25/85 ملي  صيني,16,3.25
زرفيل المنيوم ايطالي,16,7.25
طقم زرفيل مع مفتاح عادي لون ذهبي تركي ( تعبئة 2 طقم ),13,11
طقم زرفيل مع مفتاح عادي لون فضي تركي ( تعبئة 2 طقم ),13,11
 طقم زرفيل 7/45 مفتاح كمبيوتر صيني ( تعبئة 2 طقم ),19,12
 طقم زرفيل  7/45 تركي,19,7.5
 طقم زرفيل  مع مفتاح عادي تركي,19,6.5
 طقم زرفيل حمام يمين لون ذهبي تركي,19,5.75
 طقم زرفيل حمام يمين لون فضي تركي,19,5.75
 طقم زرفيل حمام شمال لون ذهبي تركي,19,5.75
 طقم زرفيل حمام شمال لون فضي تركي,19,5.75
زرفيل درج صيني,16,0.39
 زرفيل ست طقات صيني,16,5.25
 زرفيل طبش ISEO ايطالي,16,10.25
 سلندر 7 سم ISEO ايطالي,16,4.5
 زرفيل ست طقات  إيطالي,16,7.75
 زرفيل طبش صيني,16,3.95
 زرفيل طبش تركي,16,5.95
 زرفيل طبش  إيطالي,16,9.5
 زرفيل طبش كهرباء إيطالي,16,31
عين سحرية مع مطرقة لون ذهبي,16,1.25
عين سحرية مع مطرقة لون برونز,16,1.25
 زرفيل مساعد 4 اصابع تركي,16,6
يد باب لون ذهبي وفضي  موديل ( LIDYA ALFA  ) تركي,18,2.75
يد باب لون ذهبي  موديل ( Nermin Plato ) تركي,18,2.75
يد باب لون فضي  موديل ( Esra plato Nikel  ) تركي,18,2.75
يد باب لون برونز  موديل ( Esra polat antik   ) تركي,18,2.75
يد باب لون برونز  موديل ( Nil EKO ) تركي,18,2.75
 يد باب المنيوم ابيض صيني,18,2.35
 يد باب المنيوم اسود صيني,18,2.35
 يد باب المنيوم برونز صيني,18,2.35
 يد باب المنيوم فضي صيني,18,2.35
يد باب لون ذهبي وفضي  موديل ( Mira Plato ) تركي,18,2.75
 يد باب برونز معتق موديل (1) صيني (الباكيت تعبئة 2 جوز),13,5
 يد باب  ذهبي معتق موديل (1) صيني (الباكيت تعبئة 2 جوز),13,5
 يد باب برونز معتق موديل (2) صيني (الباكيت تعبئة 2 جوز),13,5
 يد باب  ذهبي معتق موديل (2) صيني (الباكيت تعبئة 2 جوز),13,5
يد باب ذهبي مع فضي موديل تركي - صيني ( الباكيت تعبئة 2 جوز ),13,5
عين سحرية لون ذهبي,16,0.85
عين سحرية لون فضي,16,0.85
يد باب لون ذهبي وفضي  موديل ( AK DENIZ ALFA  ) تركي,18,2.75
يد باب لون ذهبي وفضي  موديل ( SEMA ALFA  ) تركي,18,2.75
يد باب مزخرف موديل CEMRE لون ذهبي تركي ( تعبئة 2 جوز),13,7.5
يد باب مزخرف موديل CEMRE لون فضي تركي ( تعبئة 2 جوز),13,7.5
يد باب مزخرف موديل CEMRE لون برونز  تركي ( تعبئة 2 جوز),13,7.5
 يد باب ذهبي موديل DENZI تركي (الباكيت تعبئة 2 جوز),13,5.5
 يد باب  برونزموديل DENZI  تركي (الباكيت تعبئة 2 جوز),13,5.5
 يد باب  فضي مع ذهبي موديل DENZI  تركي (الباكيت تعبئة 2 جوز),13,5.5
 يد باب ذهبي موديل INCI تركي (الباكيت تعبئة 2 جوز),13,5.5
 يد باب  برونزموديل INCI  تركي (الباكيت تعبئة 2 جوز),13,5.5
 يد باب  فضي مع ذهبي موديل INCI  تركي (الباكيت تعبئة 2 جوز),13,5.5
 يد باب ذهبي موديل KUMSAL تركي (الباكيت تعبئة 2 جوز),13,5.5
 يد باب  برونزموديل KUMSAL تركي (الباكيت تعبئة 2 جوز),13,5.5
 يد باب  فضي مع ذهبي موديل KUMSAL تركي (الباكيت تعبئة 2 جوز),13,5.5
 يد باب المنيوم طويلة ( شمسة كاملة ) برونز صيني,18,2.9
 يد باب المنيوم طويلة ( شمسة كاملة ) ابيض صيني,18,2.9
 يد باب المنيوم طويلة ( شمسة كاملة ) اسود صيني,18,2.9
 رداد باب هيدروليك DORTEC 512 - وزن 65 كغ,16,9.5
 رداد باب هيدروليك DORTEC 62 - وزن 45 كغ,16,8.9
 رداد باب هيدروليك DORTEC 63 - وزن 85 كغ,16,9.9
 رداد باب هيدروليك DORTEC 64 - وزن 100 كغ,16,11.9
يد باب مزخرف موديل CEYLAN لون ذهبي تركي ( تعبئة 2 جوز),13,7.5
يد باب مزخرف موديل CEYLAN لون فضي تركي ( تعبئة 2 جوز),13,7.5
يد باب مزخرف موديل CEYLAN لون برونز  تركي ( تعبئة 2 جوز),13,7.5
يد باب مزخرف موديل SEMA لون ذهبي تركي ( تعبئة 2 جوز),13,7.5
يد باب مزخرف موديل SEMA لون فضي مع ذهبي تركي ( تعبئة 2 جوز),13,7.5
يد باب مزخرف موديل SEMA لون برونز  تركي ( تعبئة 2 جوز),13,7.5
 زوايا بلاستيك مجوز لون بني ( تعبئة 100),20,1.9
 زوايا بلاستيك مجوز لون ابيض ( تعبئة 100),20,1.9
 زوايا بلاستيك مفرد لون بني ( تعبئة 100),20,1.75
 زوايا بلاستيك مفرد لون ابيض ( تعبئة 100),20,1.75
 زوايا مربعة 4 * 4 ( تعبئة 100 ),13,4.5
 زوايا مجلفن 2*2 سم (تعبئة 100),13,1.95
زوايا مجلفن 3*3 سم (تعبئة 100),13,2.75
 زوايا مجلفن 5*5 سم ( تعبئة 100),13,4.75
 زوايا مجلفن 7*7 سم (تعبئة 50),13,3.75
 زوايا مجلفن 10*10 سم (تعبئة 50),13,4.95
 فصالة خزانة 100 غرام وسط,18,0.28
 فصالة خزانة 100 غرام طرف,18,0.28
 فصالة خزانة 170 غرام وسط هايدروليك,18,0.52
 فصالة خزانة 160 غرام طرف هايدروليك,18,0.52
 فصالة 1 *  2 ( تعبئة 24 ),13,0.99
 فصالة 1 * 2.5 ( تعبئة 24 ),13,1.25
 فصالة 1.2 * 3 ( تعبئة 24 ),13,1.85
 فصالة 1.4 * 4,21,2
 فصالة باب 4*4*1.6 (تعبئة 2),13,0.75
"ملاقط بلاستيك نجارين 4 "" HARDEN ( تعبئة 6)",13,1.9
 حمالة خزانة مطبخ,16,0.18
فصالة خزانة حبل 3.5م هندي ( تعبئة 10),10,12.5
"ملاقط بلاستيك نجارين 6 "" HARDEN ( تعبئة 6)",13,2.75
 مجبد اسفين زاوية بني (تعبئة 100),13,4.6
 مجبد اسفين زاوية ابيض (تعبئة 100),13,4.6
 مجبد زاوية صغير حديد ( تعبئة 40 ),13,3.6
 مجبد زاوية كبير حديد (تعبئة 4 ),19,0.835
 فصالة 4 * 3.5 انش - سماكة 2.7 ملي   (تعبئة 3),13,1.25
 مجبد تخت كونيك (تعبئة 8 ),19,0.67
 ستوب باب كوشوك صغير  (تعبئة 100),13,3.9
 ستوب باب كوشوك كبير  (تعبئة 100),13,15.5
حاجز مانع هواء pvc فرشاي 1 م HIGHPOWER,16,1.25
حاجز مانع هواء pvc مطاط 1 م HIGHPOWER,16,1.1
حاجز مانع هواء المنيوم فرشاي 1 م HIGHPOWER,16,1.4
"مرابط  نجارين بلاستيك 4 "" HARDEN",16,0.9
"مرابط نجارين بلاستيك 6 "" HARDEN",16,2.25
"مرابط نجارين بلاستيك 8 "" HARDEN",16,2.5
"مرابط نجارين بلاستيك 12 "" HARDEN",16,2.75
"مرابط نجارين بلاستيك 24 "" HARDEN",16,3.5
زوايا اباجور 10 سم مبسط لون فضي,16,0.3
زوايا اباجور  8  سم,16,0.33
 زوايا اباجور 10 سم مبسط لون ابيض,16,0.3
زوايا اباجور 10 سم,16,0.35
 زوايا اباجور  10 سم مبسط لون ذهبي,16,0.3
زوايا اباجور 15 سم,16,0.4
زوايا اباجور 20 سم,16,0.45
زوايا اباجور  25 سم,16,0.5
سكة جارور 30 سم (تعبئة 25),17,9.25
سكة جارور 35 سم (تعبئة 25),17,11
سكة جارور 40 سم (تعبئة 25),17,12.5
سكة جارور 45 سم (تعبئة 25),17,14
سكة جارور 50 سم (تعبئة 25),17,15.5
سكة جارور 55 سم (تعبئة 25),17,17
سكة جارور 60 سم (تعبئة 25),17,18.75
سكة جارور بيلية 30 سم ( تعبئة 2 ),19,0.95
سكة جارور بيلية 35 سم ( تعبئة 2 ),19,1.1
سكة جارور بيلية 40 سم ( تعبئة 2 ),19,1.2
سكة جارور بيلية 45 سم ( تعبئة 2 ),19,1.4
سكة جارور بيلية 50 سم ( تعبئة 2 ),19,1.5
 زوايا اباجور5 سم مبسط لون بيج,16,0.25
زوايا اباجور 5 سم مبسط لون ذهبي,16,0.25
زوايا اباجور 5 سم مبسط لون ابيض,16,0.25
 زوايا اباجور 8 سم مبسط لون ذهبي,16,0.28
 زوايا اباجور 8 سم مبسط لون بيج,16,0.28
 زوايا اباجور 8 سم مبسط لون ابيض,16,0.28
 زوايا اباجور  10 سم مبسط لون بيج,16,0.3
رول دهان 11 سم يد طويلة اوربي,16,1.15
رول دهان 10 سم يد طويلة تركي,16,0.35
رول دهان 6 سم اوربي,16,0.75
رول دهان 12 سم يد طويلة اوربي,16,1.15
رول دهان 11 سم يد قصيرة اوربي,16,1.05
رول دهان 15 سم اوربي,16,1.75
رول دهان 18 سم اوربي,16,2.45
رول دهان 20 سم اوربي,16,2.45
رول دهان 25 سم يد كوشوك FIA تشيكي,16,3.75
فرشاية انتيكا اوروبي,21,7.2
كسح اوبوكسي 15 سم اوربي,16,2.25
كسح اوبوكسي 18 سم اوربي,16,2.4
قاعدة دهان بلاستيك مع رول دهان 25 سم الماني,16,3
رول دهان زفتة 25 سم  يد بلاستيك تركي,16,2.75
غيار رول دهان 18 سم ( شعر طويل ) صيني,16,0.782
غيار رول دهان 25 سم ( شعر طويل ) صيني,16,0.874
"فرشاية انتيكا 4"" صيني",21,5.9
ريشة خلط دهان 60 سم  sds,16,1.45
خيط علام بودرة مع ميزان,16,0.95
ريشة خلط دهان 40 سم SDS,16,1.1
عصا رول دهان 2 م,16,1.5
عصا رول دهان 3 م,16,1.75
عصا رول دهان 4 م,16,2.5
 رول دهان 10 سم -  يد طويلة صيني,16,0.41
 رول دهان 25 سم - يد بلاستيك صيني,16,0.83
 رول دهان 25 سم - يد كوشوك صيني,16,0.92
رول دهان 25 سم شعيرات قصيرة يد بلاستيك تركي,16,0.88
رول دهان 25 سم شعيرات طويلة يد بلاستيك تركي,16,0.94
" فرشاية دهان 1.5"" ايطالي",21,7.9
" فرشاية دهان 2"" ايطالي ( تعبئة 10 )",13,8.9
" فرشاية دهان 2.5"" ايطالي ( تعبئة 8 )",13,8.9
 سكينة معجونة 20 سم ستانلس ستيل جودة عالية صيني ( تعبئة 10 ),13,9.25
 سكينة معجونة 25 سم ستانلس ستيل جودة عالية صيني ( تعبئة 10 ),13,11.25
" فرشاية دهان 1"" SK",21,2.15
" فرشاية دهان 1.5"" SK",21,3.15
" فرشاية دهان 2"" SK",21,4.15
" فرشاية دهان 2.5"" SK",21,5.15
" فرشاية دهان 3"" SK",21,6.5
" فرشاية دهان 4"" SK",21,7.95
 سكينة معجونة 25 سم الماني ( تعبئة 10 ),20,16.9
 سكينة معجونة 20 سم الماني ( تعبئة 10 ),13,14.9
فرد رش  دهان ساجولا,16,8.5
"حجر زيت 6 """,16,2.5
 شرحات نايلون للدهان 5 م,16,0.4
 شرحات نايلون للدهان 10 م,16,0.79
فرشاية رسم 29 ملي فرنسي ( تعبئة 10),13,9.9
طقم تخريم هولسو جبسنبورد 16 قطعة ZHIWEI,19,5.5
 حجر حف صيني,16,0.49
 ورق حف سيلر 150 كندي ( تعبئة 100 ),13,14.9
 ورق حف مائي 60 P بريطاني ( تعبئة 50 ),13,5.95
 سكينة معجونة 20 سم صيني,21,5.75
 سكينة معجونة 25 سم صيني,21,6
رول ورق حف 120 - 25 م تايلندي,9,16
 مشحاف  4 قطع ستانلس ستيل ألماني,19,0.9
" مشحاف 3"" يد كوشوك صيني",21,5
" مشحاف 4"" يد كوشوك صيني",21,5.25
" مشحاف 5"" يد كوشوك صيني",21,5.5
طقم تخريم هولسو جبسنبورد 5 قطع,19,2.7
 طقم فراشي سلك نحاس 5 قطع,19,1.4
 فرشاية سلك حديد SK صيني,21,7.5
 فرشاية سلك نحاس SK صيني,21,7.5
 فرشاية سلك  cocoo حديد صيني,21,7
 فرشاية سلك  cocoo نحاس صيني,21,7
 فرشاية سلك  حديد LESSMANN ألماني,21,8.75
 فرشاية سلك  نحاس LESSMANN ألماني,21,8.75
"فرشاية سلك نحاس اسطوانة 8 """,16,2.95
"فرشاية سلك نحاس اسطوانة 6 """,16,1.95
" فرشاية cup سلك حديد 4"" (مجدول )",16,0.99
" فرشاية cup سلك نحاس 4"" (مجدول )",16,0.99
" فرشاية cup سلك نحاس 4"" (عادي )",16,0.89
" فرشاية cup سلك حديد 5"" (مجدول )",16,2.5
فرشاية سلك نحاس يد بلاستيك,21,3.95
 مشحاف  4 قطع حديد صيني,19,0.27
" مشحاف 2"" يد خشب صيني ( تعبئة 20 )",17,7.25
" مشحاف 3"" يد خشب صيني ( تعبئة 20 )",17,8.4
" مشحاف 4"" يد خشب صيني ( تعبئة 20 )",17,9
" مشحاف 5"" يد خشب صيني ( تعبئة 20 )",17,9.75
" مشحاف 6"" يد خشب صيني ( تعبئة 20 )",17,10.3
 مشحاف 4 قطع بلاستيك صيني,19,0.28
"مشحاف كروم 3"" يد بلاستيك صيني",21,4.8
"مشحاف كروم 4"" يد بلاستيك صيني",21,5.4
"مشحاف كروم 5"" يد بلاستيك صيني",21,6
"مشحاف كروم 6"" يد بلاستيك صيني",21,6.6
سبريه رش لون اسود رقم 39 BLACK,21,10.9
سبريه رش لون اسود مطفي رقم 4 MATT BLACK,21,10.9
سبريه رش لون ابيض رقم 40 WHITE,21,10.9
سبريه رش لون ابيض مطفي رقم 5 MATT WHITE,21,10.9
سبريه رش لون بني  رقم 1201 ANTIRUST SUBSTRATE,21,10.9
سبريه رش لون فيراني رقم 22 MEDIUM GREY,21,10.9
سبريه رش لون سكني رقم 36 SILVER,21,10.9
سبريه رش لون سكني فاتح رقم 125 SILVER GREY,21,10.9
سبريه رش لون اورنج رقم 14 JIALING RED,21,10.9
سبريه رش لون نهدي رقم 549 ERQI VIOLET,21,10.9
سبريه رش لون تركواز رقم 19 CERULEAN BLUE,21,10.9
سبريه رش لون ازرق سماوي رقم 15  SKY BLUE,21,10.9
سبريه رش لون ازرق  رقم 590  WUZHENG BLUE,21,10.9
سبريه رش لون اصفر  رقم 41 CANARY YELLOW,21,10.9
سبريه رش لون بيج  رقم 33 CREAM YELLOW,21,10.9
سبريه رش لون احمر  رقم 8 PURE RED,21,10.9
سبريه رش لون شفاف  رقم 190 LACQUER,21,10.9
سبريه رش لون شفاف مطفي رقم 191  MATT LACQUER,21,10.9
سبريه رش لون اخضر  رقم 13 FRESH GREEN,21,10.9
سبريه رش لون ذهبي  رقم 35 GOLD,21,12.75
سبريه رش لون كروم رقم 318 BRIGHT CHROME,21,14.5
فرشاية رسم 21 ملي فرنسي ( تعبئة 20),13,9.9
" فرشاية دهان 1"" boss home",21,7.76
" فرشاية دهان 1.5"" boss home",21,9.45
" فرشاية دهان 2"" boss home",21,13.1
" فرشاية دهان 2.5"" boss home",21,17.95
قلم علام HARDEN,21,0.99
مركز الوان - لون اصفر اكسيد ( تعبئة 10 ),13,2.25
مركز الوان - لون اصفر ليموني ( تعبئة 10 ),13,2.25
مركز الوان - لون بني ( تعبئة 10 ),13,2.25
مركز الوان - لون اسود ( تعبئة 10 ),13,2.25
مركز الوان - لون احمر ( تعبئة 10 ),13,2.25
مركز الوان - لون ازرق ( تعبئة 10 ),13,2.25
مركز الوان - لون ماروني ( تعبئة 10 ),13,2.25
مركز الوان - لون اخضر غامق ( تعبئة 10 ),13,2.25
مركز الوان - لون ماجينتا ( تعبئة 10 ),13,2.25
مركز الوان - لون بنفسجي ( تعبئة 10 ),13,2.25
مركز الوان - لون جوزي ( تعبئة 10 ),13,2.25
"دلاية قفل اسود عرض 2.5سم طول 2""",21,0.9
"دلاية قفل اسود عرض 3.2سم طول 2.5""",21,1
"دلاية قفل اسود عرض 3.2سم طول 3""",21,1.1
"دلاية قفل اسود عرض 3.2سم طول 4""",21,1.25
"دلاية قفل اسود عرض 3.2سم طول 5""",21,1.45
"دلاية قفل مجلفن ثقيل 2.5""",21,2.75
"دلاية قفل مجلفن ثقيل 3""",21,3.5
"دلاية قفل مجلفن ثقيل 4""",21,3.95
"دلاية قفل مجلفن ثقيل 5""",21,4.75
"دلاية قفل مجلفن ثقيل 6""",21,5.25
دهان سلفر -  اتوشنتو ( تعبئة 1 كغ ),16,1.75
دهان سلفر -  اتوشنتو بيور ( تعبئة 1 كغ ),16,2.15
دهان سلفر -  اتوشنتو سوبر لؤلؤي ( تعبئة 1 كغ ),16,2.85
"مشحاف كروم 4"" CO.ME SRL ايطالي",16,2.95
"مشحاف كروم 5"" CO.ME SRL ايطالي",16,3.4
"مشحاف كروم 6"" CO.ME SRL ايطالي",16,4.1
"ورق حف دائري 4.5"" درجة النعومة 40 (تعبئة 100)",13,3.4
"ورق حف دائري 4.5"" درجة النعومة 60 (تعبئة 100)",13,3.4
"ورق حف دائري 4.5"" درجة النعومة 80 (تعبئة 100)",13,3.4
"ورق حف دائري 4.5"" درجة النعومة 100 (تعبئة 100)",13,3.4
"ورق حف دائري 4.5"" درجة النعومة 120 (تعبئة 100)",13,3.4
"ورق حف دائري 4.5"" درجة النعومة 150 (تعبئة 100)",13,3.4
"ورق حف دائري 4.5"" درجة النعومة 180 (تعبئة 100)",13,3.4
"ورق حف دائري 4.5"" درجة النعومة 220 (تعبئة 100)",13,3.4
"ورق حف دائري 7"" درجة النعومة 40 (تعبئة 100)",13,7.9
"ورق حف دائري 7"" درجة النعومة 60 (تعبئة 100)",13,7.9
"ورق حف دائري 7"" درجة النعومة 80 (تعبئة 100)",13,7.9
"ورق حف دائري 7"" درجة النعومة 100 (تعبئة 100)",13,7.9
"ورق حف دائري 7"" درجة النعومة 120 (تعبئة 100)",13,7.9
"ورق حف دائري 7"" درجة النعومة 150 (تعبئة 100)",13,7.9
"ورق حف دائري 7"" درجة النعومة 180 (تعبئة 100)",13,7.9
"ورق حف دائري 7"" درجة النعومة 220 (تعبئة 100)",13,7.9
ورق حف 120 صيني ( تعبئة 50 ),13,3.25
ورق حف 150 صيني ( تعبئة 50 ),13,3.25
ورق حف 180 صيني ( تعبئة 50 ),13,3.25
"اسطوانة حف مدرج 4.5"" درجة النعومة 40 ( تعبئة 20 )",13,9.8
"اسطوانة حف مدرج 4.5"" درجة النعومة 60 ( تعبئة 20 )",13,9.8
"اسطوانة حف مدرج 4.5"" درجة النعومة 80 ( تعبئة 20 )",13,9.8
"اسطوانة حف مدرج 4.5"" درجة النعومة 100 ( تعبئة 20 )",13,9.8
اسطوانة حف مدرج 7” درجة النعومة 40 ( تعبئة 10 ),13,9.9
اسطوانة حف مدرج 7” درجة النعومة 60 ( تعبئة 10 ),13,9.9
اسطوانة حف مدرج 7” درجة النعومة 80 ( تعبئة 10 ),13,9.9
اسطوانة حف مدرج 7” درجة النعومة 100 ( تعبئة 10 ),13,9.9
راسية درل مع مغناطيس 6 سم ZHIWEI ( تعبئة 10 ),13,3.5
ريشة درل حجر 6 ملي صيني  ZHIWEI ( تعبئة 10 ),13,2.8
ريشة درل حجر 8 ملي صيني  ZHIWEI ( تعبئة 10 ),13,3
ريشة درل حجر 10 ملي صيني  ZHIWEI ( تعبئة 10 ),13,3.3
ريشة درل حجر ( SDS ) ملي 5.5  ZHIWEI ( تعبئة 10 ),13,5
ريشة درل حجر ( SDS ) ملي 6  ZHIWEI ( تعبئة 10 ),13,5
ريشة درل حجر ( SDS ) ملي 8  ZHIWEI ( تعبئة 10 ),13,5.2
ريشة درل حجر ( SDS ) ملي 10  ZHIWEI ( تعبئة 10 ),13,5.5
 راسية درل 5 سم ZHIWEI (تعبئة 10),13,1.75
 راسية درل 11 سم ZHIWEI (تعبئة 10),13,2.5
ريشة درل  3.5 ملي حديد ZHIWEI (تعبئة 10),13,0.99
ريشة درل   4 ملي حديد ZHIWEI (تعبئة 10),13,1.1
ريشة درل  4.5 ملي حديد ZHIWEI (تعبئة 10),13,1.35
ريشة درل  5 ملي حديد ZHIWEI (تعبئة 10),13,1.55
ريشة درل  6 ملي حديد ZHIWEI (تعبئة 10),13,1.99
ريشة درل  6.5 ملي حديد ZHIWEI (تعبئة 10),13,2.35
ريشة درل  8 ملي حديد ZHIWEI (تعبئة 10),13,3.5
ريشة درل  10 ملي حديد ZHIWEI (تعبئة 10),13,5.75
ريشة درل  3 ملي حديد ZHIWEI (تعبئة 10),13,0.9
ريشة درل  6 ملي متعددة الاستخدام ZHIWEI (تعبئة 10),13,3.9
خراقة ستانلس ستيل 35 ملي  ZHIWEI,16,2.59
ريشة خشب فراشة 14 ملي ZHIWEI,16,0.39
ريشة خشب فراشة 16 ملي ZHIWEI,16,0.41
ريشة خشب فراشة 18 ملي ZHIWEI,16,0.43
ريشة خشب فراشة 20 ملي ZHIWEI,16,0.46
ريشة خشب فراشة 22 ملي ZHIWEI,16,0.51
ريشة خشب فراشة 24 ملي ZHIWEI,16,0.53
"عجل PVC بيلية 1.5""",16,0.49
"عجل PVC بيلية 1.5"" مع بريك",16,0.68
"عجل PVC بيلية 2""",16,0.65
"عجل PVC بيلية 2"" مع بريك",16,0.85
"عجل PVC بيلية 3""",16,1.5
"عجل PVC بيلية 3"" مع بريك",16,1.9
"عجل PVC بيلية 4""",16,1.9
"عجل PVC بيلية 4"" مع بريك",16,2.35
"عجل PVC بيلية 5""",16,2.5
"عجل PVC بيلية 5"" مع بريك",16,2.75
"صندوق عدة بلاستيك 18 "" تركي",16,8.9
مفك عادي 6 سم الماني ( تعبئة 20 ),13,2.25
مفك قلاب 6 سم الماني ( تعبئة 5 ),13,2.75
مفك 12 سم اصفر الماني ( تعبئة 8 ),13,2.9
مفك 10 سم اصفر الماني ( تعبئة 8 ),13,2.75
مفك 30 سم عادي جودة عالية الماني,16,1.75
مفك 30 سم مصلب جودة عالية الماني,16,1.75
مفك 20 سم جودة عالية الماني ( تعبئة 6 ),13,5.5
مفك مصلب أحمر CRV-  سم 8 الماني,21,9.9
مفك عادي أحمر CRV - سم 10 الماني ( تعبئة 6  ),13,3.75
مفك غرز 7  سم الماني ( تعبئة 10 ),13,6.9
مفك مثلث 8  سم - 4.5 ملي الماني ( تعبئة 10 ),13,6.8
مفك مثلث 8  سم - 6 ملي الماني ( تعبئة 8 ),13,8.2
مفك مربع 12  سم الماني ( تعبئة 10 ),13,9.9
مفك نجمة 12  سم الماني ( تعبئة 10 ),13,11.3
مفك نجمة انثى 12  سم الماني ( تعبئة 10 ),13,11.5
مفك نجمة انثى 13  سم الماني ( تعبئة 8 ),13,12.6
مفك نجمة 10  سم الماني ( تعبئة 10 ),13,7.4
مفك مصلب أحمر CRV - سم 10 الماني ( تعبئة 10  ),13,8.9
مشرط بلاستيك ABS  ( 9  ملي ) تركي ( تعبئة 30 ),13,6.6
مشرط بلاستيك ABS  ( 18 ملي ) تركي ( تعبئة 30 ),13,7.5
مشرط  المنيوم 18 ملي تركي ( تعبئة 24 ),13,15.6
مشرط  بلاستيك 18 ملي جودة عالية تركي ( تعبئة 24 ),13,13.2
طقم بوكسات مع راسيات 40 قطعة حجم صغير,19,3.5
طقم بوكسات مع راسيات 40 قطعة حجم كبير,19,4.5
طقم شق شق 4 قطع ( 8 قياسات ) الماني,19,6.75
طقم شق شق 6 قطع ( 12 قياس ) الماني,19,11.5
طقم شق شق 3 قطع ( 6 قياسات ) الماني,19,7.95
طقم رنق رنق 3 قطع ( 24-26 + 25-28 + 27-32 ) الماني,19,7.8
طقم رنق رنق 4 قطع ( 21-23+20-22+18-19+14-15 ) الماني,19,5.4
طقم رنق رنق 4 قطع ( 25-28 + 26-24 + 24-22 + 21-23 ) الماني,19,8.55
طقم شق شق 8 قطع ( 16 قياس ) الماني,19,7.5
طقم رنق رنق 8 قطع ( 16 قياس ) الماني,19,7.5
"مسطرين بلاط 6 "" يد خشب نمساوي",16,3.25
مسطرين يد خشب مربع 18 سم نمساوي,16,3.9
مسطرين يد خشب مربع 20 سم نمساوي,16,3.9
مشرط هندسي جودة عالية 18 ملي صيني,16,0.9
مشرط بلاستيك 18 ملي ( pvc ) صيني,16,0.75
مشرط المنيوم ( سجاد ) جودة علية مع شفرات صيني,16,2.25
مسطرين كحلة يد خشب 1*18 سم,21,5.25
مسطرين كحلة يد خشب 2* 15 سم,21,5.25
 شفرات  مشرط 9 ملي صيني HARDEN  (تعبئة 10 ),13,0.3
سلكة دهان 65 غرام ايطالي,16,0.45
مفتاح شق رنق طقطيقة 8 ملي HARDEN,16,1.95
مفتاح شق رنق طقطيقة 10 ملي HARDEN,16,2.1
مفتاح شق رنق طقطيقة 12 ملي HARDEN,16,2.5
مفتاح شق رنق طقطيقة 13 ملي HARDEN,16,2.7
مفتاح شق رنق طقطيقة 14 ملي HARDEN,16,2.75
مفتاح شق رنق طقطيقة 15 ملي HARDEN,16,2.95
مفتاح شق رنق طقطيقة 17 ملي HARDEN,16,3.5
مفتاح شق رنق طقطيقة 19 ملي HARDEN,16,4.1
مفتاح شق رنق طقطيقة 22 ملي HARDEN,16,5.1
مفتاح شق رنق طقطيقة 24 ملي HARDEN,16,6.25
 كف لباد قاسي يد بلاستيك صيني,16,1.5
فرشاية سلك حديد يد بلاستيك جودة عالية صيني,21,6.9
 فرشاية سلك نحاس ( 4 صف ) تركي,21,6.9
 فرشاية سلك نحاس ( 5 صف ) تركي,21,7.9
 فرشاية سلك نحاس ( 6 صف ) تركي,21,8.9
"طقم فراشي سلك 7 "" ( تعبئة 3 ) HARDEN",19,0.65
فرد رش  دهان 400 مل w 71,16,6.9
فرد رش  دهان 1000 مل w 77,16,7.9
